/*
Navicat MySQL Data Transfer

Source Server         : 127.0.0.1
Source Server Version : 50613
Source Host           : 127.0.0.1:3306
Source Database       : rfid

Target Server Type    : MYSQL
Target Server Version : 50613
File Encoding         : 65001

Date: 2016-04-12 20:40:10
*/

SET FOREIGN_KEY_CHECKS=0;

-- ----------------------------
-- Table structure for ARCHIVE
-- ----------------------------
DROP TABLE IF EXISTS `ARCHIVE`;
CREATE TABLE `ARCHIVE` (
  `ID` varchar(50) NOT NULL,
  `CREATE_TIME` datetime DEFAULT NULL,
  `CREATE_USER` varchar(255) DEFAULT NULL,
  `EL_TAG` varchar(255) DEFAULT NULL,
  `GIVE_TO` varchar(255) DEFAULT NULL,
  `GIVE_TO_OPERATOR` varchar(255) DEFAULT NULL,
  `GIVE_TO_REMARK` varchar(255) DEFAULT NULL,
  `GIVE_TO_TIME` datetime DEFAULT NULL,
  `KEY_WORD` varchar(255) DEFAULT NULL,
  `LOACATION` varchar(255) DEFAULT NULL,
  `REMARK` varchar(255) DEFAULT NULL,
  `STATE` varchar(255) DEFAULT NULL,
  `TITLE` varchar(255) DEFAULT NULL,
  `ARCHIVETYPE_ID` varchar(50) DEFAULT NULL,
  PRIMARY KEY (`ID`),
  KEY `FK_mfgngs3kvm9brhkq6en3vuc9i` (`ARCHIVETYPE_ID`),
  CONSTRAINT `FK_mfgngs3kvm9brhkq6en3vuc9i` FOREIGN KEY (`ARCHIVETYPE_ID`) REFERENCES `archivetype` (`ID`)
) ENGINE=InnoDB DEFAULT CHARSET=utf8;

-- ----------------------------
-- Records of ARCHIVE
-- ----------------------------
INSERT INTO `ARCHIVE` VALUES ('2b9081e5540a5a6401540a6a55700013', '2016-04-12 20:20:21', '管理员', 'EL001', null, null, null, null, '军事，导弹', 'A1架2层3号', '揭示东风41D研究过程1', '-3', '东风41D档案', '2b9081e5540a5a6401540a6853ca0011');
INSERT INTO `ARCHIVE` VALUES ('4028811354081c7b01540820090b0002', '2016-04-12 09:39:58', '管理员', 'EL001', null, null, null, null, '1', '2', '3', '-4', '王老师档案', '4028811354081c7b0154081f94b80000');
INSERT INTO `ARCHIVE` VALUES ('4028811354081c7b0154082069dc0003', '2016-04-12 09:40:23', '管理员', 'El001', null, null, null, null, '1', '2', '3', '-3', '长虹企业档案', '4028811354081c7b0154081f94b80000');

-- ----------------------------
-- Table structure for ARCHIVEFILE
-- ----------------------------
DROP TABLE IF EXISTS `ARCHIVEFILE`;
CREATE TABLE `ARCHIVEFILE` (
  `ID` varchar(50) NOT NULL,
  `CONTENT` longtext,
  `CREATE_TIME` datetime DEFAULT NULL,
  `CREATOR` varchar(255) DEFAULT NULL,
  `FILE_URL` varchar(255) DEFAULT NULL,
  `KEY_WORK` varchar(255) DEFAULT NULL,
  `PUT_IN_TIME` datetime DEFAULT NULL,
  `STATUS` int(11) DEFAULT NULL,
  `TITLE` varchar(255) DEFAULT NULL,
  `TYPE` varchar(255) DEFAULT NULL,
  `ARCHIVE_ID` varchar(50) DEFAULT NULL,
  PRIMARY KEY (`ID`),
  KEY `FK_37f08x7645iaeqvpttjv1rnrl` (`ARCHIVE_ID`),
  CONSTRAINT `FK_37f08x7645iaeqvpttjv1rnrl` FOREIGN KEY (`ARCHIVE_ID`) REFERENCES `archive` (`ID`)
) ENGINE=InnoDB DEFAULT CHARSET=utf8;

-- ----------------------------
-- Records of ARCHIVEFILE
-- ----------------------------
INSERT INTO `ARCHIVEFILE` VALUES ('2b9081e5540a5a6401540a5ef7ab0001', '<p class=\"MsoNormal\" align=\"center\" style=\"text-align:center;\">\r\n	<b>个人简历</b><b></b>\r\n</p>\r\n<table class=\"MsoNormalTable ke-zeroborder\" border=\"0\" cellspacing=\"0\" cellpadding=\"0\">\r\n	<tbody>\r\n		<tr>\r\n			<td width=\"629\" colspan=\"4\" style=\"border:solid black 1.0pt;background:#F3F3F3;\">\r\n				<p class=\"MsoNormal\">\r\n					<b><span style=\"font-size:14.0pt;font-family:宋体;\">个人信息</span></b><b><span style=\"font-size:14.0pt;font-family:宋体;\"></span></b>\r\n				</p>\r\n			</td>\r\n		</tr>\r\n		<tr>\r\n			<td width=\"73\" style=\"border:solid black 1.0pt;\">\r\n				<p class=\"MsoNormal\" align=\"center\" style=\"text-align:center;\">\r\n					<span style=\"font-family:宋体;\">姓</span><span style=\"font-family:宋体;\">&nbsp;&nbsp;&nbsp; </span><span style=\"font-family:宋体;\">名</span><span style=\"font-family:宋体;\"></span>\r\n				</p>\r\n			</td>\r\n			<td width=\"234\" style=\"border:solid black 1.0pt;\">\r\n				<p class=\"MsoNormal\">\r\n					<span style=\"font-family:宋体;\">&nbsp;</span>\r\n				</p>\r\n			</td>\r\n			<td width=\"96\" style=\"border:solid black 1.0pt;\">\r\n				<p class=\"MsoNormal\" align=\"center\" style=\"text-align:center;\">\r\n					<span style=\"font-family:宋体;\">性</span><span style=\"font-family:宋体;\">&nbsp;&nbsp;&nbsp; </span><span style=\"font-family:宋体;\">别</span><span style=\"font-family:宋体;\"></span>\r\n				</p>\r\n			</td>\r\n			<td width=\"225\" style=\"border:solid black 1.0pt;\">\r\n				<p class=\"MsoNormal\">\r\n					<span style=\"font-family:宋体;\">&nbsp;</span>\r\n				</p>\r\n			</td>\r\n		</tr>\r\n		<tr>\r\n			<td width=\"73\" style=\"border:solid black 1.0pt;\">\r\n				<p class=\"MsoNormal\" align=\"center\" style=\"text-align:center;\">\r\n					<span style=\"font-family:宋体;\">籍</span><span style=\"font-family:宋体;\">&nbsp;&nbsp;&nbsp; </span><span style=\"font-family:宋体;\">贯</span><span style=\"font-family:宋体;\"></span>\r\n				</p>\r\n			</td>\r\n			<td width=\"234\" style=\"border:solid black 1.0pt;\">\r\n				<p class=\"MsoNormal\">\r\n					<span style=\"font-family:宋体;\">&nbsp;</span>\r\n				</p>\r\n			</td>\r\n			<td width=\"96\" style=\"border:solid black 1.0pt;\">\r\n				<p class=\"MsoNormal\" align=\"center\" style=\"text-align:center;\">\r\n					<span style=\"font-family:宋体;\">学</span><span style=\"font-family:宋体;\">&nbsp;&nbsp;&nbsp; </span><span style=\"font-family:宋体;\">历</span><span style=\"font-family:宋体;\"></span>\r\n				</p>\r\n			</td>\r\n			<td width=\"225\" style=\"border:solid black 1.0pt;\">\r\n				<p class=\"MsoNormal\">\r\n					<span style=\"font-family:宋体;\">本科</span><span style=\"font-family:宋体;\"></span>\r\n				</p>\r\n			</td>\r\n		</tr>\r\n		<tr>\r\n			<td width=\"73\" style=\"border:solid black 1.0pt;\">\r\n				<p class=\"MsoNormal\" align=\"center\" style=\"text-align:center;\">\r\n					<span style=\"font-family:宋体;\">毕业院校<span></span></span>\r\n				</p>\r\n			</td>\r\n			<td width=\"234\" style=\"border:solid black 1.0pt;\">\r\n				<p class=\"MsoNormal\">\r\n					<span style=\"font-family:宋体;\">电子科技大学<span></span></span>\r\n				</p>\r\n			</td>\r\n			<td width=\"96\" style=\"border:solid black 1.0pt;\">\r\n				<p class=\"MsoNormal\" align=\"center\" style=\"text-align:center;\">\r\n					<span style=\"font-family:宋体;\">专</span><span style=\"font-family:宋体;\">&nbsp;&nbsp;&nbsp; </span><span style=\"font-family:宋体;\">业</span><span style=\"font-family:宋体;\"></span>\r\n				</p>\r\n			</td>\r\n			<td width=\"225\" style=\"border:solid black 1.0pt;\">\r\n				<p class=\"MsoNormal\">\r\n					<span style=\"font-family:宋体;\">电子商务<span></span></span>\r\n				</p>\r\n			</td>\r\n		</tr>\r\n		<tr>\r\n			<td width=\"73\" style=\"border:solid black 1.0pt;\">\r\n				<p class=\"MsoNormal\" align=\"center\" style=\"text-align:center;\">\r\n					<span style=\"font-family:宋体;\">毕业时间<span></span></span>\r\n				</p>\r\n			</td>\r\n			<td width=\"234\" style=\"border:solid black 1.0pt;\">\r\n				<p class=\"MsoNormal\">\r\n					<span style=\"font-family:宋体;\">2010</span><span style=\"font-family:宋体;\">年<span>7</span>月<span></span></span>\r\n				</p>\r\n			</td>\r\n			<td width=\"96\" style=\"border:solid black 1.0pt;\">\r\n				<p class=\"MsoNormal\" align=\"center\" style=\"text-align:center;\">\r\n					<span style=\"font-family:宋体;\">工作经验<span></span></span>\r\n				</p>\r\n			</td>\r\n			<td width=\"225\" style=\"border:solid black 1.0pt;\">\r\n				<p class=\"MsoNormal\">\r\n					<span style=\"font-family:宋体;\">1</span><span style=\"font-family:宋体;\">年</span><b><span style=\"font-family:宋体;\"> </span></b>\r\n				</p>\r\n			</td>\r\n		</tr>\r\n		<tr>\r\n			<td width=\"73\" style=\"border:solid black 1.0pt;\">\r\n				<p class=\"MsoNormal\" align=\"center\" style=\"text-align:center;\">\r\n					<span style=\"font-family:宋体;\">邮<span>&nbsp;&nbsp; </span>箱<span></span></span>\r\n				</p>\r\n			</td>\r\n			<td width=\"234\" style=\"border:solid black 1.0pt;\">\r\n				<p class=\"MsoNormal\">\r\n					<span style=\"font-family:宋体;\">&nbsp;</span>\r\n				</p>\r\n			</td>\r\n			<td width=\"96\" style=\"border:solid black 1.0pt;\">\r\n				<p class=\"MsoNormal\" align=\"center\" style=\"text-align:center;\">\r\n					<span style=\"font-family:宋体;\">移动电话</span><span style=\"font-family:宋体;\"></span>\r\n				</p>\r\n			</td>\r\n			<td width=\"225\" style=\"border:solid black 1.0pt;\">\r\n				<p class=\"MsoNormal\">\r\n					<b><span style=\"font-family:宋体;\">&nbsp;</span></b>\r\n				</p>\r\n			</td>\r\n		</tr>\r\n		<tr>\r\n			<td width=\"629\" colspan=\"4\" style=\"border:solid black 1.0pt;background:#F3F3F3;\">\r\n				<p class=\"MsoNormal\">\r\n					<b><span style=\"font-size:14.0pt;font-family:宋体;\">求职意向</span></b><b><span style=\"font-size:14.0pt;font-family:宋体;\"></span></b>\r\n				</p>\r\n			</td>\r\n		</tr>\r\n		<tr>\r\n			<td width=\"629\" colspan=\"4\" style=\"border:solid black 1.0pt;\">\r\n				<p class=\"MsoNormal\" align=\"center\" style=\"margin-left:0cm;text-align:center;\">\r\n					<b><span style=\"font-size:14.0pt;font-family:宋体;\">初级</span></b><b><span style=\"font-size:14.0pt;font-family:宋体;\">Java</span></b><b><span style=\"font-size:14.0pt;font-family:宋体;\">软件工程师</span></b><b><span style=\"font-size:14.0pt;font-family:宋体;\"></span></b>\r\n				</p>\r\n			</td>\r\n		</tr>\r\n		<tr>\r\n			<td width=\"629\" colspan=\"4\" style=\"border:solid black 1.0pt;background:#F3F3F3;\">\r\n				<p class=\"MsoNormal\">\r\n					<b><span style=\"font-size:14.0pt;font-family:宋体;\">专业技能</span></b><b><span style=\"font-size:14.0pt;font-family:宋体;\"></span></b>\r\n				</p>\r\n			</td>\r\n		</tr>\r\n		<tr>\r\n			<td width=\"629\" colspan=\"4\" style=\"border:solid black 1.0pt;\">\r\n				<p class=\"MsoNormal\" style=\"margin-left:21.0pt;text-indent:-21.0pt;\">\r\n					<span style=\"font-family:Wingdings;\">Ø<span style=\"font-size:7pt;line-height:normal;font-family:\'Times New Roman\';\">&nbsp; </span></span><span style=\"font-family:宋体;\">深入掌握</span><span style=\"font-family:宋体;\">Java</span><span style=\"font-family:宋体;\">编程</span><span style=\"font-family:宋体;\">，</span><span style=\"font-family:宋体;\">深刻理解<span>java</span>编程</span><span style=\"font-family:宋体;\">思想</span><span style=\"font-family:宋体;\">。</span><span style=\"font-family:宋体;\"></span>\r\n				</p>\r\n				<p class=\"MsoNormal\" style=\"margin-left:21.0pt;text-indent:-21.0pt;\">\r\n					<span style=\"font-family:Wingdings;\">Ø<span style=\"font-size:7pt;line-height:normal;font-family:\'Times New Roman\';\">&nbsp; </span></span><span style=\"font-family:宋体;\">熟练掌握</span><span style=\"font-family:宋体;\">Oracle</span><span style=\"font-family:宋体;\">，</span><span style=\"font-family:宋体;\">MySql</span><span style=\"font-family:宋体;\">，</span><span style=\"font-family:宋体;\">JDBC</span><span style=\"font-family:宋体;\">等数据库技术。</span><span style=\"font-family:宋体;\"></span>\r\n				</p>\r\n				<p class=\"MsoNormal\" style=\"margin-left:21.0pt;text-indent:-21.0pt;\">\r\n					<span style=\"font-family:Wingdings;\">Ø<span style=\"font-size:7pt;line-height:normal;font-family:\'Times New Roman\';\">&nbsp; </span></span><span style=\"font-family:宋体;\">深入掌握</span><span style=\"font-family:宋体;\">Spring</span><span style=\"font-family:宋体;\">，<span>Mybatis</span>，<span>SpringMVC</span>等</span><span style=\"font-family:宋体;\">开源框架</span><span style=\"font-family:宋体;\">技术。</span><span style=\"font-family:宋体;\"></span>\r\n				</p>\r\n				<p class=\"MsoNormal\" style=\"margin-left:21.0pt;text-indent:-21.0pt;\">\r\n					<span style=\"font-family:Wingdings;\">Ø<span style=\"font-size:7pt;line-height:normal;font-family:\'Times New Roman\';\">&nbsp; </span></span><span style=\"font-family:宋体;\">深入掌握</span><span style=\"font-family:宋体;\">JSP</span><span style=\"font-family:宋体;\">，</span><span style=\"font-family:宋体;\">Servlet</span><span style=\"font-family:宋体;\">，</span><span style=\"font-family:宋体;\">Ajax</span><span style=\"font-family:宋体;\">，<span>jquery</span></span><span style=\"font-family:宋体;\">等基本知识。</span><span style=\"font-family:宋体;\"></span>\r\n				</p>\r\n				<p class=\"MsoNormal\" style=\"margin-left:21.0pt;text-indent:-21.0pt;\">\r\n					<span style=\"font-family:Wingdings;\">Ø<span style=\"font-size:7pt;line-height:normal;font-family:\'Times New Roman\';\">&nbsp; </span></span><span style=\"font-family:宋体;\">深入掌握</span><span style=\"font-family:宋体;\">HTML</span><span style=\"font-family:宋体;\">，<span>CSS</span>，</span><span style=\"font-family:宋体;\">JavaScript</span><span style=\"font-family:宋体;\">,</span><span style=\"font-family:宋体;\">等</span><span style=\"font-family:宋体;\">Web</span><span style=\"font-family:宋体;\">技术</span><span style=\"font-family:宋体;\">，深入理解并熟练运用<span>jquery</span>等<span>web</span>前端<span>js</span>框架技术。</span><span style=\"font-family:宋体;\"></span>\r\n				</p>\r\n				<p class=\"MsoNormal\" style=\"margin-left:21.0pt;text-indent:-21.0pt;\">\r\n					<span style=\"font-family:Wingdings;\">Ø<span style=\"font-size:7pt;line-height:normal;font-family:\'Times New Roman\';\">&nbsp; </span></span><span style=\"font-family:宋体;\">熟练使用</span><span style=\"font-family:宋体;\">Eclipse</span><span style=\"font-family:宋体;\">等</span><span style=\"font-family:宋体;\">IDE</span><span style=\"font-family:宋体;\">工具在</span><span style=\"font-family:宋体;\">Linux</span><span style=\"font-family:宋体;\">或</span><span style=\"font-family:宋体;\">Windows</span><span style=\"font-family:宋体;\">系统下进行</span><span style=\"font-family:宋体;\">Java</span><span style=\"font-family:宋体;\">开发。</span><span style=\"font-family:宋体;\"></span>\r\n				</p>\r\n				<p class=\"MsoNormal\" style=\"margin-left:21.0pt;text-indent:-21.0pt;\">\r\n					<span style=\"font-family:Wingdings;\">Ø<span style=\"font-size:7pt;line-height:normal;font-family:\'Times New Roman\';\">&nbsp; </span></span><span style=\"font-family:宋体;\">有过系统框架搭建工作经历，并负责系统底层：用户、角色、权限、组织、区域、功能模块需求分析和代码设计编写。</span><span style=\"font-family:宋体;\"></span>\r\n				</p>\r\n			</td>\r\n		</tr>\r\n		<tr>\r\n			<td width=\"629\" colspan=\"4\" style=\"border:solid black 1.0pt;background:#F3F3F3;\">\r\n				<p class=\"MsoNormal\">\r\n					<b><span style=\"font-size:14.0pt;font-family:宋体;\">荣誉证书</span></b><b><span style=\"font-size:14.0pt;font-family:宋体;\"></span></b>\r\n				</p>\r\n			</td>\r\n		</tr>\r\n		<tr>\r\n			<td width=\"73\" style=\"border:solid black 1.0pt;\">\r\n				<p class=\"MsoNormal\" align=\"center\" style=\"text-align:center;\">\r\n					<b><span style=\"font-family:宋体;\">证</span></b><b><span style=\"font-family:宋体;\">&nbsp;&nbsp;&nbsp; </span></b><b><span style=\"font-family:宋体;\">书</span></b><b><span style=\"font-family:宋体;\"></span></b>\r\n				</p>\r\n			</td>\r\n			<td width=\"556\" colspan=\"3\" style=\"border:solid black 1.0pt;\">\r\n				<p class=\"MsoNormal\" style=\"margin-left:21.0pt;text-indent:-21.0pt;\">\r\n					<span style=\"font-family:Wingdings;\">Ø<span style=\"font-size:7pt;line-height:normal;font-family:\'Times New Roman\';\">&nbsp; </span></span><span style=\"font-family:宋体;\">电子商务本科毕业证书</span><span style=\"font-family:宋体;\"></span>\r\n				</p>\r\n				<p class=\"MsoNormal\" style=\"margin-left:21.0pt;text-indent:-21.0pt;\">\r\n					<span style=\"font-family:Wingdings;\">Ø<span style=\"font-size:7pt;line-height:normal;font-family:\'Times New Roman\';\">&nbsp; </span></span><span style=\"font-family:宋体;\">AFP</span><span style=\"font-family:宋体;\">国际金融管理资格证书</span><span style=\"font-family:宋体;\"></span>\r\n				</p>\r\n			</td>\r\n		</tr>\r\n		<tr>\r\n			<td width=\"629\" colspan=\"4\" style=\"border:solid black 1.0pt;background:#F3F3F3;\">\r\n				<p class=\"MsoNormal\">\r\n					<b><span style=\"font-size:14.0pt;font-family:宋体;\">教育工作经历<span></span></span></b>\r\n				</p>\r\n			</td>\r\n		</tr>\r\n		<tr>\r\n			<td width=\"629\" colspan=\"4\" style=\"border:solid black 1.0pt;\">\r\n				<p class=\"MsoNormal\" style=\"margin-left:84.0pt;text-indent:-21.0pt;\">\r\n					<span style=\"font-family:Wingdings;\">Ø<span style=\"font-size:7pt;line-height:normal;font-family:\'Times New Roman\';\"> </span></span><span style=\"font-family:宋体;\">2011</span><span style=\"font-family:宋体;\">年<span>8</span>月<span>-2015</span>年<span>10</span>月：双龙泰德投资有限公司。<span></span></span>\r\n				</p>\r\n				<p class=\"MsoNormal\" style=\"margin-left:84.0pt;text-indent:-21.0pt;\">\r\n					<span style=\"font-family:Wingdings;\">Ø<span style=\"font-size:7pt;line-height:normal;font-family:\'Times New Roman\';\"> </span></span><span style=\"font-family:宋体;\">2010</span><span style=\"font-family:宋体;\">年<span>8</span>月<span>-2011</span>年<span>8</span>月：吴太感康医药有限公司。<span></span></span>\r\n				</p>\r\n				<p class=\"MsoNormal\" style=\"margin-left:84.0pt;text-indent:-21.0pt;\">\r\n					<span style=\"font-family:Wingdings;\">Ø<span style=\"font-size:7pt;line-height:normal;font-family:\'Times New Roman\';\"> </span></span><span style=\"font-family:宋体;\">2009.09-2009.11&nbsp; </span><span style=\"font-family:宋体;\">在华迪实训基地参加过具体网站搭建与维护。<span></span></span>\r\n				</p>\r\n			</td>\r\n		</tr>\r\n		<tr>\r\n			<td width=\"629\" colspan=\"4\" style=\"border:solid black 1.0pt;background:#F3F3F3;\">\r\n				<p class=\"MsoNormal\">\r\n					<b><span style=\"font-size:14.0pt;font-family:宋体;\">培训经历</span></b><b><span style=\"font-size:14.0pt;font-family:宋体;\"></span></b>\r\n				</p>\r\n			</td>\r\n		</tr>\r\n		<tr>\r\n			<td width=\"629\" colspan=\"4\" style=\"border:solid black 1.0pt;\">\r\n				<p class=\"MsoNormal\" style=\"margin-left:82.6pt;text-indent:-25.7pt;\">\r\n					<span style=\"font-family:Wingdings;\">Ø<span style=\"font-size:7pt;line-height:normal;font-family:\'Times New Roman\';\">&nbsp; </span></span><span style=\"font-family:宋体;\">20</span><span style=\"font-family:宋体;\">15</span><span style=\"font-family:宋体;\">.</span><span style=\"font-family:宋体;\">11</span><span style=\"font-family:宋体;\">-20</span><span style=\"font-family:宋体;\">16</span><span style=\"font-family:宋体;\">.</span><span style=\"font-family:宋体;\">03</span><span style=\"font-family:宋体;\"> </span><span style=\"font-family:宋体;\">&nbsp;</span><span style=\"font-family:宋体;\">达内科技有限公司</span><span style=\"font-family:宋体;\">“</span><span style=\"font-family:宋体;\">Java</span><span style=\"font-family:宋体;\">”</span><span style=\"font-family:宋体;\">高端培训。</span><span style=\"font-family:宋体;\"></span>\r\n				</p>\r\n				<p class=\"MsoNormal\" style=\"margin-left:82.6pt;text-indent:-25.7pt;\">\r\n					<span style=\"font-family:Wingdings;\">Ø<span style=\"font-size:7pt;line-height:normal;font-family:\'Times New Roman\';\">&nbsp; </span></span><span style=\"font-family:宋体;\">2014.03-2014.08&nbsp; </span><span style=\"font-family:宋体;\">西南财经大学国际金融高级管理培训。</span><span style=\"font-family:宋体;\"></span>\r\n				</p>\r\n			</td>\r\n		</tr>\r\n		<tr>\r\n			<td width=\"629\" colspan=\"4\" style=\"border:solid black 1.0pt;background:#F3F3F3;\">\r\n				<p class=\"MsoNormal\">\r\n					<b><span style=\"font-size:14.0pt;font-family:宋体;\">自我评价</span></b><b><span style=\"font-size:14.0pt;font-family:宋体;\"></span></b>\r\n				</p>\r\n			</td>\r\n		</tr>\r\n		<tr>\r\n			<td width=\"73\" style=\"border:solid black 1.0pt;\">\r\n				<p class=\"MsoNormal\" align=\"center\" style=\"text-align:center;\">\r\n					<span style=\"font-family:宋体;\">自我评价</span><span style=\"font-family:宋体;\"></span>\r\n				</p>\r\n			</td>\r\n			<td width=\"556\" colspan=\"3\" style=\"border:solid black 1.0pt;\">\r\n				<p class=\"MsoNormal\" style=\"margin-left:56.45pt;text-indent:-21.0pt;\">\r\n					<span style=\"font-family:Wingdings;\">Ø<span style=\"font-size:7pt;line-height:normal;font-family:\'Times New Roman\';\">&nbsp; </span></span><span style=\"font-family:宋体;\">热衷</span><span style=\"font-family:宋体;\">软件行业</span><span style=\"font-family:宋体;\">，</span><span style=\"font-family:宋体;\">责任心强</span><span style=\"font-family:宋体;\">,</span><span style=\"font-family:宋体;\">具备独立工作能力</span><span style=\"font-family:宋体;\">,</span><span style=\"font-family:宋体;\">能吃苦耐劳</span><span style=\"font-family:宋体;\">,</span><span style=\"font-family:宋体;\">承受较大的工作压力。</span><span style=\"font-family:宋体;\"></span>\r\n				</p>\r\n				<p class=\"MsoNormal\" style=\"margin-left:56.45pt;text-indent:-21.0pt;\">\r\n					<span style=\"font-family:Wingdings;\">Ø<span style=\"font-size:7pt;line-height:normal;font-family:\'Times New Roman\';\">&nbsp; </span></span><span style=\"font-family:宋体;\">有较强自学能力</span><span style=\"font-family:宋体;\">,</span><span style=\"font-family:宋体;\">喜欢学习</span><span style=\"font-family:宋体;\">,</span><span style=\"font-family:宋体;\">善于思考</span><span style=\"font-family:宋体;\">,</span><span style=\"font-family:宋体;\">态度积极端正</span><span style=\"font-family:宋体;\">,</span><span style=\"font-family:宋体;\">学习能力和动手能力强</span><span style=\"font-family:宋体;\">,</span><span style=\"font-family:宋体;\">做事有干劲</span><span style=\"font-family:宋体;\">。</span><span style=\"font-family:宋体;\"></span>\r\n				</p>\r\n				<p class=\"MsoNormal\" style=\"margin-left:56.45pt;text-indent:-21.0pt;\">\r\n					<span style=\"font-family:Wingdings;\">Ø<span style=\"font-size:7pt;line-height:normal;font-family:\'Times New Roman\';\">&nbsp; </span></span><span style=\"font-family:宋体;\">待人诚恳</span><span style=\"font-family:宋体;\">,</span><span style=\"font-family:宋体;\">心胸豁达</span><span style=\"font-family:宋体;\">,</span><span style=\"font-family:宋体;\">对生活充满梦想</span><span style=\"font-family:宋体;\">，带过新入职毕业生，相处融洽，亦师亦友</span><span style=\"font-family:宋体;\">。</span><span style=\"font-family:宋体;\"></span>\r\n				</p>\r\n				<p class=\"MsoNormal\" style=\"margin-left:56.45pt;text-indent:-21.0pt;\">\r\n					<span style=\"font-family:Wingdings;\">Ø<span style=\"font-size:7pt;line-height:normal;font-family:\'Times New Roman\';\">&nbsp; </span></span><span style=\"font-family:宋体;\">团队意识强</span><span style=\"font-family:宋体;\">,</span><span style=\"font-family:宋体;\">具有良好的组织</span><span style=\"font-family:宋体;\">,</span><span style=\"font-family:宋体;\">协调和沟通能力。</span><span style=\"font-family:宋体;\"></span>\r\n				</p>\r\n			</td>\r\n		</tr>\r\n		<tr>\r\n			<td width=\"629\" colspan=\"4\" style=\"border:solid black 1.0pt;background:#F3F3F3;\">\r\n				<p class=\"MsoNormal\">\r\n					<b><span style=\"font-size:14.0pt;font-family:宋体;\">项目经验<span></span></span></b>\r\n				</p>\r\n			</td>\r\n		</tr>\r\n		<tr>\r\n			<td width=\"73\" style=\"border:solid black 1.0pt;\">\r\n				<p class=\"MsoNormal\" align=\"center\" style=\"text-align:center;\">\r\n					<span style=\"font-size:12.0pt;font-family:宋体;\">云<span></span></span>\r\n				</p>\r\n				<p class=\"MsoNormal\" align=\"center\" style=\"text-align:center;\">\r\n					<span style=\"font-size:12.0pt;font-family:宋体;\">笔<span></span></span>\r\n				</p>\r\n				<p class=\"MsoNormal\" align=\"center\" style=\"text-align:center;\">\r\n					<span style=\"font-size:12.0pt;font-family:宋体;\">记<span></span></span>\r\n				</p>\r\n				<p class=\"MsoNormal\" align=\"center\" style=\"text-align:center;\">\r\n					<span style=\"font-size:12.0pt;font-family:宋体;\">项<span></span></span>\r\n				</p>\r\n				<p class=\"MsoNormal\" align=\"center\" style=\"text-align:center;\">\r\n					<span style=\"font-size:12.0pt;font-family:宋体;\">目<span></span></span>\r\n				</p>\r\n			</td>\r\n			<td width=\"556\" colspan=\"3\" style=\"border:solid black 1.0pt;\">\r\n				<p class=\"MsoNormal\" style=\"margin-left:21.0pt;text-indent:-21.0pt;\">\r\n					<span style=\"font-family:Wingdings;\">Ø<span style=\"font-size:7pt;line-height:normal;font-family:\'Times New Roman\';\">&nbsp; </span></span><b><span style=\"font-family:宋体;\">项目时间：</span></b><span style=\"font-family:宋体;\">2016</span><span style=\"font-family:宋体;\">年<span>2</span>月<b><span></span></b></span>\r\n				</p>\r\n				<p class=\"MsoNormal\" style=\"margin-left:21.0pt;text-indent:-21.0pt;\">\r\n					<span style=\"font-family:Wingdings;\">Ø<span style=\"font-size:7pt;line-height:normal;font-family:\'Times New Roman\';\">&nbsp; </span></span><b><span style=\"font-family:宋体;\">项目描述：</span></b><span style=\"font-family:宋体;\">该项目基于<span>B/S</span>架构，分为：登陆、注册用户、添加笔记本、添加笔记、笔记名修改、笔记内容修改、笔记与笔记本的删除、笔记分享等模块。<span></span></span>\r\n				</p>\r\n				<p class=\"MsoNormal\" style=\"margin-left:21.0pt;text-indent:-21.0pt;\">\r\n					<span style=\"font-family:Wingdings;\">Ø<span style=\"font-size:7pt;line-height:normal;font-family:\'Times New Roman\';\">&nbsp; </span></span><b><span style=\"font-family:宋体;\">责任描述：</span></b><span style=\"font-family:宋体;\">本人在该项目中主要负责笔记本的创建、添加笔记、删除笔记本与笔记和笔记本名与笔记修改模块，运用了<span>js</span>和<span>ajax</span>来处理数据更新等功能，使用了<span>MVC</span>分层思想将代码分为了控制层、业务层、视图层、实现了笔记本与笔记操作的模块。</span><b><span style=\"font-family:宋体;\"></span></b>\r\n				</p>\r\n				<p class=\"MsoNormal\" style=\"margin-left:21.0pt;text-indent:-21.0pt;\">\r\n					<span style=\"font-family:Wingdings;\">Ø<span style=\"font-size:7pt;line-height:normal;font-family:\'Times New Roman\';\">&nbsp; </span></span><b><span style=\"font-family:宋体;\">主要用到的技术</span></b><span style=\"font-family:宋体;\">springMVC,spring,mybatis</span><span style=\"font-family:宋体;\">，<span>MySQL,MyBatis,JQuery+AJAX<b></b></span></span>\r\n				</p>\r\n			</td>\r\n		</tr>\r\n		<tr>\r\n			<td width=\"73\" style=\"border:solid black 1.0pt;\">\r\n				<p class=\"MsoNormal\" align=\"center\" style=\"text-align:center;\">\r\n					<span style=\"font-size:12.0pt;font-family:宋体;\">电<span></span></span>\r\n				</p>\r\n				<p class=\"MsoNormal\" align=\"center\" style=\"text-align:center;\">\r\n					<span style=\"font-size:12.0pt;font-family:宋体;\">信<span></span></span>\r\n				</p>\r\n				<p class=\"MsoNormal\" align=\"center\" style=\"text-align:center;\">\r\n					<span style=\"font-size:12.0pt;font-family:宋体;\">计<span></span></span>\r\n				</p>\r\n				<p class=\"MsoNormal\" align=\"center\" style=\"text-align:center;\">\r\n					<span style=\"font-size:12.0pt;font-family:宋体;\">费<span></span></span>\r\n				</p>\r\n				<p class=\"MsoNormal\" align=\"center\" style=\"text-align:center;\">\r\n					<span style=\"font-size:12.0pt;font-family:宋体;\">系<span></span></span>\r\n				</p>\r\n				<p class=\"MsoNormal\" align=\"center\" style=\"text-align:center;\">\r\n					<span style=\"font-size:12.0pt;font-family:宋体;\">统<span></span></span>\r\n				</p>\r\n			</td>\r\n			<td width=\"556\" colspan=\"3\" style=\"border:solid black 1.0pt;\">\r\n				<p class=\"MsoNormal\" style=\"margin-left:21.0pt;text-indent:-21.0pt;\">\r\n					<span style=\"font-family:Wingdings;\">Ø<span style=\"font-size:7pt;line-height:normal;font-family:\'Times New Roman\';\">&nbsp; </span></span><b><span style=\"font-family:宋体;\">项目时间：</span></b><span style=\"font-family:宋体;\">2016</span><span style=\"font-family:宋体;\">年<span>1</span>月</span><b><span style=\"font-family:宋体;\"></span></b>\r\n				</p>\r\n				<p class=\"MsoNormal\" style=\"margin-left:21.0pt;text-indent:-21.0pt;\">\r\n					<span style=\"font-family:Wingdings;\">Ø<span style=\"font-size:7pt;line-height:normal;font-family:\'Times New Roman\';\">&nbsp; </span></span><b><span style=\"font-family:宋体;\">项目描述：</span></b><span style=\"font-family:宋体;\">使用<span>tomcat</span>容器，使用<span>struts2</span>进行开发，运用<span>jsp</span>和<span>OGNL</span>进行浏览器与服务器之间的传输。</span><b><span style=\"font-family:宋体;\"></span></b>\r\n				</p>\r\n				<p class=\"MsoNormal\" style=\"margin-left:21.0pt;text-indent:-21.0pt;\">\r\n					<span style=\"font-family:Wingdings;\">Ø<span style=\"font-size:7pt;line-height:normal;font-family:\'Times New Roman\';\">&nbsp; </span></span><b><span style=\"font-family:宋体;\">责任描述：</span></b><span style=\"font-family:宋体;\">负责资费管理、对资费信息进行增加、修改、删除和查询。</span><b><span style=\"font-family:宋体;\"></span></b>\r\n				</p>\r\n				<p class=\"MsoNormal\" style=\"margin-left:21.0pt;text-indent:-21.0pt;\">\r\n					<span style=\"font-family:Wingdings;\">Ø<span style=\"font-size:7pt;line-height:normal;font-family:\'Times New Roman\';\">&nbsp; </span></span><b><span style=\"font-family:宋体;\">主要用到的技术：</span></b><span style=\"font-family:宋体;\">spring,mybatis</span><span style=\"font-family:宋体;\">，<span>MySQL</span>，<span>struts2</span>，<span>hibernate</span>。<b><span></span></b></span>\r\n				</p>\r\n			</td>\r\n		</tr>\r\n		<tr>\r\n			<td width=\"73\" style=\"border:solid black 1.0pt;\">\r\n				<p class=\"MsoNormal\" align=\"center\" style=\"text-align:center;\">\r\n					<span style=\"font-size:12.0pt;font-family:宋体;\">购<span></span></span>\r\n				</p>\r\n				<p class=\"MsoNormal\" align=\"center\" style=\"text-align:center;\">\r\n					<span style=\"font-size:12.0pt;font-family:宋体;\">物<span></span></span>\r\n				</p>\r\n				<p class=\"MsoNormal\" align=\"center\" style=\"text-align:center;\">\r\n					<span style=\"font-size:12.0pt;font-family:宋体;\">网<span></span></span>\r\n				</p>\r\n				<p class=\"MsoNormal\" align=\"center\" style=\"text-align:center;\">\r\n					<span style=\"font-size:12.0pt;font-family:宋体;\">站<span></span></span>\r\n				</p>\r\n				<p class=\"MsoNormal\" align=\"center\" style=\"text-align:center;\">\r\n					<span style=\"font-size:12.0pt;font-family:宋体;\">项<span></span></span>\r\n				</p>\r\n				<p class=\"MsoNormal\" align=\"center\" style=\"text-align:center;\">\r\n					<span style=\"font-size:12.0pt;font-family:宋体;\">目<span></span></span>\r\n				</p>\r\n			</td>\r\n			<td width=\"556\" colspan=\"3\" style=\"border:solid black 1.0pt;\">\r\n				<p class=\"MsoNormal\" style=\"margin-left:21.0pt;text-indent:-21.0pt;\">\r\n					<span style=\"font-family:Wingdings;\">Ø<span style=\"font-size:7pt;line-height:normal;font-family:\'Times New Roman\';\">&nbsp; </span></span><b><span style=\"font-family:宋体;\">项目时间</span></b><span style=\"font-family:宋体;\">：<span>2009.09-2009.11</span></span>\r\n				</p>\r\n				<p class=\"MsoNormal\" style=\"margin-left:21.0pt;text-indent:-21.0pt;\">\r\n					<span style=\"font-family:Wingdings;\">Ø<span style=\"font-size:7pt;line-height:normal;font-family:\'Times New Roman\';\">&nbsp; </span></span><b><span style=\"font-family:宋体;\">项目描述</span></b><span style=\"font-family:宋体;\">：\r\n  系统分为三个部分：<span>PHP</span>端<span>SNS</span>学校运营模块、<span>JAVA</span>端学生、老师、教学模块、手机<span>APP</span>模块。完成客户管理，购物车管理，商品评价等功能。<span></span></span>\r\n				</p>\r\n				<p class=\"MsoNormal\" style=\"margin-left:21.0pt;text-indent:-21.0pt;\">\r\n					<span style=\"font-family:Wingdings;\">Ø<span style=\"font-size:7pt;line-height:normal;font-family:\'Times New Roman\';\">&nbsp; </span></span><b><span style=\"font-family:宋体;\">责任描述</span></b><span style=\"font-family:宋体;\">：本人负责<span>JAVA</span>端框架搭建，前端页面整合、综合素质评估模块代码功能实现。<b><span></span></b></span>\r\n				</p>\r\n				<p class=\"MsoNormal\" style=\"margin-left:21.0pt;text-indent:-21.0pt;\">\r\n					<span style=\"font-family:Wingdings;\">Ø<span style=\"font-size:7pt;line-height:normal;font-family:\'Times New Roman\';\">&nbsp; </span></span><b><span style=\"font-family:宋体;\">主要用到的技术</span></b><span style=\"font-family:宋体;\">：<span>springMVC,spring,mybatis</span>。<b><span></span></b></span>\r\n				</p>\r\n			</td>\r\n		</tr>\r\n	</tbody>\r\n</table>\r\n<p class=\"MsoNormal\">\r\n	&nbsp;\r\n</p>', '2016-04-12 20:07:57', '管理员【admin】', null, '1', '2016-04-12 09:05:00', '1', '1', '1', '4028811354081c7b0154082069dc0003');
INSERT INTO `ARCHIVEFILE` VALUES ('2b9081e5540a5a6401540a6d1cae0014', '<h1 style=\"text-align:justify;\">\r\n	<b><span style=\"color:#E53333;background-color:#CCCCCC;\">个人简历</span></b>\r\n</h1>\r\n<p class=\"MsoNormal\" align=\"center\" style=\"text-align:justify;\">\r\n	<b></b>\r\n</p>\r\n<p>\r\n	<table class=\"MsoNormalTable ke-zeroborder\" border=\"0\" cellspacing=\"0\" cellpadding=\"0\">\r\n		<tbody>\r\n			<tr>\r\n				<td width=\"629\" colspan=\"4\" style=\"border:solid black 1.0pt;background:#F3F3F3;\">\r\n					<p class=\"MsoNormal\">\r\n						<b><span style=\"font-size:14.0pt;font-family:宋体;\">个人信息</span></b><b><span style=\"font-size:14.0pt;font-family:宋体;\"></span></b>\r\n					</p>\r\n				</td>\r\n			</tr>\r\n			<tr>\r\n				<td width=\"73\" style=\"border:solid black 1.0pt;\">\r\n					<p class=\"MsoNormal\" align=\"center\" style=\"text-align:center;\">\r\n						<span style=\"font-family:宋体;\">姓</span><span style=\"font-family:宋体;\">&nbsp;&nbsp;&nbsp; </span><span style=\"font-family:宋体;\">名</span><span style=\"font-family:宋体;\"></span>\r\n					</p>\r\n				</td>\r\n				<td width=\"234\" style=\"border:solid black 1.0pt;\">\r\n					<p class=\"MsoNormal\">\r\n						<span style=\"font-family:宋体;\">&nbsp;</span>\r\n					</p>\r\n				</td>\r\n				<td width=\"96\" style=\"border:solid black 1.0pt;\">\r\n					<p class=\"MsoNormal\" align=\"center\" style=\"text-align:center;\">\r\n						<span style=\"font-family:宋体;\">性</span><span style=\"font-family:宋体;\">&nbsp;&nbsp;&nbsp; </span><span style=\"font-family:宋体;\">别</span><span style=\"font-family:宋体;\"></span>\r\n					</p>\r\n				</td>\r\n				<td width=\"225\" style=\"border:solid black 1.0pt;\">\r\n					<p class=\"MsoNormal\">\r\n						<span style=\"font-family:宋体;\">&nbsp;</span>\r\n					</p>\r\n				</td>\r\n			</tr>\r\n			<tr>\r\n				<td width=\"73\" style=\"border:solid black 1.0pt;\">\r\n					<p class=\"MsoNormal\" align=\"center\" style=\"text-align:center;\">\r\n						<span style=\"font-family:宋体;\">籍</span><span style=\"font-family:宋体;\">&nbsp;&nbsp;&nbsp; </span><span style=\"font-family:宋体;\">贯</span><span style=\"font-family:宋体;\"></span>\r\n					</p>\r\n				</td>\r\n				<td width=\"234\" style=\"border:solid black 1.0pt;\">\r\n					<p class=\"MsoNormal\">\r\n						<span style=\"font-family:宋体;\">&nbsp;</span>\r\n					</p>\r\n				</td>\r\n				<td width=\"96\" style=\"border:solid black 1.0pt;\">\r\n					<p class=\"MsoNormal\" align=\"center\" style=\"text-align:center;\">\r\n						<span style=\"font-family:宋体;\">学</span><span style=\"font-family:宋体;\">&nbsp;&nbsp;&nbsp; </span><span style=\"font-family:宋体;\">历</span><span style=\"font-family:宋体;\"></span>\r\n					</p>\r\n				</td>\r\n				<td width=\"225\" style=\"border:solid black 1.0pt;\">\r\n					<p class=\"MsoNormal\">\r\n						<span style=\"font-family:宋体;\">本科</span><span style=\"font-family:宋体;\"></span>\r\n					</p>\r\n				</td>\r\n			</tr>\r\n			<tr>\r\n				<td width=\"73\" style=\"border:solid black 1.0pt;\">\r\n					<p class=\"MsoNormal\" align=\"center\" style=\"text-align:center;\">\r\n						<span style=\"font-family:宋体;\">毕业院校<span></span></span>\r\n					</p>\r\n				</td>\r\n				<td width=\"234\" style=\"border:solid black 1.0pt;\">\r\n					<p class=\"MsoNormal\">\r\n						<span style=\"font-family:宋体;\">电子科技大学<span></span></span>\r\n					</p>\r\n				</td>\r\n				<td width=\"96\" style=\"border:solid black 1.0pt;\">\r\n					<p class=\"MsoNormal\" align=\"center\" style=\"text-align:center;\">\r\n						<span style=\"font-family:宋体;\">专</span><span style=\"font-family:宋体;\">&nbsp;&nbsp;&nbsp; </span><span style=\"font-family:宋体;\">业</span><span style=\"font-family:宋体;\"></span>\r\n					</p>\r\n				</td>\r\n				<td width=\"225\" style=\"border:solid black 1.0pt;\">\r\n					<p class=\"MsoNormal\">\r\n						<span style=\"font-family:宋体;\">电子商务<span></span></span>\r\n					</p>\r\n				</td>\r\n			</tr>\r\n			<tr>\r\n				<td width=\"73\" style=\"border:solid black 1.0pt;\">\r\n					<p class=\"MsoNormal\" align=\"center\" style=\"text-align:center;\">\r\n						<span style=\"font-family:宋体;\">毕业时间<span></span></span>\r\n					</p>\r\n				</td>\r\n				<td width=\"234\" style=\"border:solid black 1.0pt;\">\r\n					<p class=\"MsoNormal\">\r\n						<span style=\"font-family:宋体;\">2010</span><span style=\"font-family:宋体;\">年<span>7</span>月<span></span></span>\r\n					</p>\r\n				</td>\r\n				<td width=\"96\" style=\"border:solid black 1.0pt;\">\r\n					<p class=\"MsoNormal\" align=\"center\" style=\"text-align:center;\">\r\n						<span style=\"font-family:宋体;\">工作经验<span></span></span>\r\n					</p>\r\n				</td>\r\n				<td width=\"225\" style=\"border:solid black 1.0pt;\">\r\n					<p class=\"MsoNormal\">\r\n						<span style=\"font-family:宋体;\">1</span><span style=\"font-family:宋体;\">年</span><b><span style=\"font-family:宋体;\"> </span></b>\r\n					</p>\r\n				</td>\r\n			</tr>\r\n			<tr>\r\n				<td width=\"73\" style=\"border:solid black 1.0pt;\">\r\n					<p class=\"MsoNormal\" align=\"center\" style=\"text-align:center;\">\r\n						<span style=\"font-family:宋体;\">邮<span>&nbsp;&nbsp; </span>箱<span></span></span>\r\n					</p>\r\n				</td>\r\n				<td width=\"234\" style=\"border:solid black 1.0pt;\">\r\n					<p class=\"MsoNormal\">\r\n						<span style=\"font-family:宋体;\">&nbsp;</span>\r\n					</p>\r\n				</td>\r\n				<td width=\"96\" style=\"border:solid black 1.0pt;\">\r\n					<p class=\"MsoNormal\" align=\"center\" style=\"text-align:center;\">\r\n						<span style=\"font-family:宋体;\">移动电话</span><span style=\"font-family:宋体;\"></span>\r\n					</p>\r\n				</td>\r\n				<td width=\"225\" style=\"border:solid black 1.0pt;\">\r\n					<p class=\"MsoNormal\">\r\n						<b><span style=\"font-family:宋体;\">&nbsp;</span></b>\r\n					</p>\r\n				</td>\r\n			</tr>\r\n			<tr>\r\n				<td width=\"629\" colspan=\"4\" style=\"border:solid black 1.0pt;background:#F3F3F3;\">\r\n					<p class=\"MsoNormal\">\r\n						<b><span style=\"font-size:14.0pt;font-family:宋体;\">求职意向</span></b><b><span style=\"font-size:14.0pt;font-family:宋体;\"></span></b>\r\n					</p>\r\n				</td>\r\n			</tr>\r\n			<tr>\r\n				<td width=\"629\" colspan=\"4\" style=\"border:solid black 1.0pt;\">\r\n					<p class=\"MsoNormal\" align=\"center\" style=\"margin-left:0cm;text-align:center;\">\r\n						<b><span style=\"font-size:14.0pt;font-family:宋体;\">初级</span></b><b><span style=\"font-size:14.0pt;font-family:宋体;\">Java</span></b><b><span style=\"font-size:14.0pt;font-family:宋体;\">软件工程师</span></b><b><span style=\"font-size:14.0pt;font-family:宋体;\"></span></b>\r\n					</p>\r\n				</td>\r\n			</tr>\r\n			<tr>\r\n				<td width=\"629\" colspan=\"4\" style=\"border:solid black 1.0pt;background:#F3F3F3;\">\r\n					<p class=\"MsoNormal\">\r\n						<b><span style=\"font-size:14.0pt;font-family:宋体;\">专业技能</span></b><b><span style=\"font-size:14.0pt;font-family:宋体;\"></span></b>\r\n					</p>\r\n				</td>\r\n			</tr>\r\n			<tr>\r\n				<td width=\"629\" colspan=\"4\" style=\"border:solid black 1.0pt;\">\r\n					<p class=\"MsoNormal\" style=\"margin-left:21.0pt;text-indent:-21.0pt;\">\r\n						<span style=\"font-family:Wingdings;\">Ø<span style=\"font-size:7pt;line-height:normal;font-family:\'Times New Roman\';\">&nbsp; </span></span><span style=\"font-family:宋体;\">深入掌握</span><span style=\"font-family:宋体;\">Java</span><span style=\"font-family:宋体;\">编程</span><span style=\"font-family:宋体;\">，</span><span style=\"font-family:宋体;\">深刻理解<span>java</span>编程</span><span style=\"font-family:宋体;\">思想</span><span style=\"font-family:宋体;\">。</span><span style=\"font-family:宋体;\"></span>\r\n					</p>\r\n					<p class=\"MsoNormal\" style=\"margin-left:21.0pt;text-indent:-21.0pt;\">\r\n						<span style=\"font-family:Wingdings;\">Ø<span style=\"font-size:7pt;line-height:normal;font-family:\'Times New Roman\';\">&nbsp; </span></span><span style=\"font-family:宋体;\">熟练掌握</span><span style=\"font-family:宋体;\">Oracle</span><span style=\"font-family:宋体;\">，</span><span style=\"font-family:宋体;\">MySql</span><span style=\"font-family:宋体;\">，</span><span style=\"font-family:宋体;\">JDBC</span><span style=\"font-family:宋体;\">等数据库技术。</span><span style=\"font-family:宋体;\"></span>\r\n					</p>\r\n					<p class=\"MsoNormal\" style=\"margin-left:21.0pt;text-indent:-21.0pt;\">\r\n						<span style=\"font-family:Wingdings;\">Ø<span style=\"font-size:7pt;line-height:normal;font-family:\'Times New Roman\';\">&nbsp; </span></span><span style=\"font-family:宋体;\">深入掌握</span><span style=\"font-family:宋体;\">Spring</span><span style=\"font-family:宋体;\">，<span>Mybatis</span>，<span>SpringMVC</span>等</span><span style=\"font-family:宋体;\">开源框架</span><span style=\"font-family:宋体;\">技术。</span><span style=\"font-family:宋体;\"></span>\r\n					</p>\r\n					<p class=\"MsoNormal\" style=\"margin-left:21.0pt;text-indent:-21.0pt;\">\r\n						<span style=\"font-family:Wingdings;\">Ø<span style=\"font-size:7pt;line-height:normal;font-family:\'Times New Roman\';\">&nbsp; </span></span><span style=\"font-family:宋体;\">深入掌握</span><span style=\"font-family:宋体;\">JSP</span><span style=\"font-family:宋体;\">，</span><span style=\"font-family:宋体;\">Servlet</span><span style=\"font-family:宋体;\">，</span><span style=\"font-family:宋体;\">Ajax</span><span style=\"font-family:宋体;\">，<span>jquery</span></span><span style=\"font-family:宋体;\">等基本知识。</span><span style=\"font-family:宋体;\"></span>\r\n					</p>\r\n					<p class=\"MsoNormal\" style=\"margin-left:21.0pt;text-indent:-21.0pt;\">\r\n						<span style=\"font-family:Wingdings;\">Ø<span style=\"font-size:7pt;line-height:normal;font-family:\'Times New Roman\';\">&nbsp; </span></span><span style=\"font-family:宋体;\">深入掌握</span><span style=\"font-family:宋体;\">HTML</span><span style=\"font-family:宋体;\">，<span>CSS</span>，</span><span style=\"font-family:宋体;\">JavaScript</span><span style=\"font-family:宋体;\">,</span><span style=\"font-family:宋体;\">等</span><span style=\"font-family:宋体;\">Web</span><span style=\"font-family:宋体;\">技术</span><span style=\"font-family:宋体;\">，深入理解并熟练运用<span>jquery</span>等<span>web</span>前端<span>js</span>框架技术。</span><span style=\"font-family:宋体;\"></span>\r\n					</p>\r\n					<p class=\"MsoNormal\" style=\"margin-left:21.0pt;text-indent:-21.0pt;\">\r\n						<span style=\"font-family:Wingdings;\">Ø<span style=\"font-size:7pt;line-height:normal;font-family:\'Times New Roman\';\">&nbsp; </span></span><span style=\"font-family:宋体;\">熟练使用</span><span style=\"font-family:宋体;\">Eclipse</span><span style=\"font-family:宋体;\">等</span><span style=\"font-family:宋体;\">IDE</span><span style=\"font-family:宋体;\">工具在</span><span style=\"font-family:宋体;\">Linux</span><span style=\"font-family:宋体;\">或</span><span style=\"font-family:宋体;\">Windows</span><span style=\"font-family:宋体;\">系统下进行</span><span style=\"font-family:宋体;\">Java</span><span style=\"font-family:宋体;\">开发。</span><span style=\"font-family:宋体;\"></span>\r\n					</p>\r\n					<p class=\"MsoNormal\" style=\"margin-left:21.0pt;text-indent:-21.0pt;\">\r\n						<span style=\"font-family:Wingdings;\">Ø<span style=\"font-size:7pt;line-height:normal;font-family:\'Times New Roman\';\">&nbsp; </span></span><span style=\"font-family:宋体;\">有过系统框架搭建工作经历，并负责系统底层：用户、角色、权限、组织、区域、功能模块需求分析和代码设计编写。</span><span style=\"font-family:宋体;\"></span>\r\n					</p>\r\n				</td>\r\n			</tr>\r\n			<tr>\r\n				<td width=\"629\" colspan=\"4\" style=\"border:solid black 1.0pt;background:#F3F3F3;\">\r\n					<p class=\"MsoNormal\">\r\n						<b><span style=\"font-size:14.0pt;font-family:宋体;\">荣誉证书</span></b><b><span style=\"font-size:14.0pt;font-family:宋体;\"></span></b>\r\n					</p>\r\n				</td>\r\n			</tr>\r\n			<tr>\r\n				<td width=\"73\" style=\"border:solid black 1.0pt;\">\r\n					<p class=\"MsoNormal\" align=\"center\" style=\"text-align:center;\">\r\n						<b><span style=\"font-family:宋体;\">证</span></b><b><span style=\"font-family:宋体;\">&nbsp;&nbsp;&nbsp; </span></b><b><span style=\"font-family:宋体;\">书</span></b><b><span style=\"font-family:宋体;\"></span></b>\r\n					</p>\r\n				</td>\r\n				<td width=\"556\" colspan=\"3\" style=\"border:solid black 1.0pt;\">\r\n					<p class=\"MsoNormal\" style=\"margin-left:21.0pt;text-indent:-21.0pt;\">\r\n						<span style=\"font-family:Wingdings;\">Ø<span style=\"font-size:7pt;line-height:normal;font-family:\'Times New Roman\';\">&nbsp; </span></span><span style=\"font-family:宋体;\">电子商务本科毕业证书</span><span style=\"font-family:宋体;\"></span>\r\n					</p>\r\n					<p class=\"MsoNormal\" style=\"margin-left:21.0pt;text-indent:-21.0pt;\">\r\n						<span style=\"font-family:Wingdings;\">Ø<span style=\"font-size:7pt;line-height:normal;font-family:\'Times New Roman\';\">&nbsp; </span></span><span style=\"font-family:宋体;\">AFP</span><span style=\"font-family:宋体;\">国际金融管理资格证书</span><span style=\"font-family:宋体;\"></span>\r\n					</p>\r\n				</td>\r\n			</tr>\r\n			<tr>\r\n				<td width=\"629\" colspan=\"4\" style=\"border:solid black 1.0pt;background:#F3F3F3;\">\r\n					<p class=\"MsoNormal\">\r\n						<b><span style=\"font-size:14.0pt;font-family:宋体;\">教育工作经历<span></span></span></b>\r\n					</p>\r\n				</td>\r\n			</tr>\r\n			<tr>\r\n				<td width=\"629\" colspan=\"4\" style=\"border:solid black 1.0pt;\">\r\n					<p class=\"MsoNormal\" style=\"margin-left:84.0pt;text-indent:-21.0pt;\">\r\n						<span style=\"font-family:Wingdings;\">Ø<span style=\"font-size:7pt;line-height:normal;font-family:\'Times New Roman\';\"> </span></span><span style=\"font-family:宋体;\">2011</span><span style=\"font-family:宋体;\">年<span>8</span>月<span>-2015</span>年<span>10</span>月：双龙泰德投资有限公司。<span></span></span>\r\n					</p>\r\n					<p class=\"MsoNormal\" style=\"margin-left:84.0pt;text-indent:-21.0pt;\">\r\n						<span style=\"font-family:Wingdings;\">Ø<span style=\"font-size:7pt;line-height:normal;font-family:\'Times New Roman\';\"> </span></span><span style=\"font-family:宋体;\">2010</span><span style=\"font-family:宋体;\">年<span>8</span>月<span>-2011</span>年<span>8</span>月：吴太感康医药有限公司。<span></span></span>\r\n					</p>\r\n					<p class=\"MsoNormal\" style=\"margin-left:84.0pt;text-indent:-21.0pt;\">\r\n						<span style=\"font-family:Wingdings;\">Ø<span style=\"font-size:7pt;line-height:normal;font-family:\'Times New Roman\';\"> </span></span><span style=\"font-family:宋体;\">2009.09-2009.11&nbsp; </span><span style=\"font-family:宋体;\">在华迪实训基地参加过具体网站搭建与维护。<span></span></span>\r\n					</p>\r\n				</td>\r\n			</tr>\r\n			<tr>\r\n				<td width=\"629\" colspan=\"4\" style=\"border:solid black 1.0pt;background:#F3F3F3;\">\r\n					<p class=\"MsoNormal\">\r\n						<b><span style=\"font-size:14.0pt;font-family:宋体;\">培训经历</span></b><b><span style=\"font-size:14.0pt;font-family:宋体;\"></span></b>\r\n					</p>\r\n				</td>\r\n			</tr>\r\n			<tr>\r\n				<td width=\"629\" colspan=\"4\" style=\"border:solid black 1.0pt;\">\r\n					<p class=\"MsoNormal\" style=\"margin-left:82.6pt;text-indent:-25.7pt;\">\r\n						<span style=\"font-family:Wingdings;\">Ø<span style=\"font-size:7pt;line-height:normal;font-family:\'Times New Roman\';\">&nbsp; </span></span><span style=\"font-family:宋体;\">20</span><span style=\"font-family:宋体;\">15</span><span style=\"font-family:宋体;\">.</span><span style=\"font-family:宋体;\">11</span><span style=\"font-family:宋体;\">-20</span><span style=\"font-family:宋体;\">16</span><span style=\"font-family:宋体;\">.</span><span style=\"font-family:宋体;\">03</span><span style=\"font-family:宋体;\"> </span><span style=\"font-family:宋体;\">&nbsp;</span><span style=\"font-family:宋体;\">达内科技有限公司</span><span style=\"font-family:宋体;\">“</span><span style=\"font-family:宋体;\">Java</span><span style=\"font-family:宋体;\">”</span><span style=\"font-family:宋体;\">高端培训。</span><span style=\"font-family:宋体;\"></span>\r\n					</p>\r\n					<p class=\"MsoNormal\" style=\"margin-left:82.6pt;text-indent:-25.7pt;\">\r\n						<span style=\"font-family:Wingdings;\">Ø<span style=\"font-size:7pt;line-height:normal;font-family:\'Times New Roman\';\">&nbsp; </span></span><span style=\"font-family:宋体;\">2014.03-2014.08&nbsp; </span><span style=\"font-family:宋体;\">西南财经大学国际金融高级管理培训。</span><span style=\"font-family:宋体;\"></span>\r\n					</p>\r\n				</td>\r\n			</tr>\r\n			<tr>\r\n				<td width=\"629\" colspan=\"4\" style=\"border:solid black 1.0pt;background:#F3F3F3;\">\r\n					<p class=\"MsoNormal\">\r\n						<b><span style=\"font-size:14.0pt;font-family:宋体;\">自我评价</span></b><b><span style=\"font-size:14.0pt;font-family:宋体;\"></span></b>\r\n					</p>\r\n				</td>\r\n			</tr>\r\n			<tr>\r\n				<td width=\"73\" style=\"border:solid black 1.0pt;\">\r\n					<p class=\"MsoNormal\" align=\"center\" style=\"text-align:center;\">\r\n						<span style=\"font-family:宋体;\">自我评价</span><span style=\"font-family:宋体;\"></span>\r\n					</p>\r\n				</td>\r\n				<td width=\"556\" colspan=\"3\" style=\"border:solid black 1.0pt;\">\r\n					<p class=\"MsoNormal\" style=\"margin-left:56.45pt;text-indent:-21.0pt;\">\r\n						<span style=\"font-family:Wingdings;\">Ø<span style=\"font-size:7pt;line-height:normal;font-family:\'Times New Roman\';\">&nbsp; </span></span><span style=\"font-family:宋体;\">热衷</span><span style=\"font-family:宋体;\">软件行业</span><span style=\"font-family:宋体;\">，</span><span style=\"font-family:宋体;\">责任心强</span><span style=\"font-family:宋体;\">,</span><span style=\"font-family:宋体;\">具备独立工作能力</span><span style=\"font-family:宋体;\">,</span><span style=\"font-family:宋体;\">能吃苦耐劳</span><span style=\"font-family:宋体;\">,</span><span style=\"font-family:宋体;\">承受较大的工作压力。</span><span style=\"font-family:宋体;\"></span>\r\n					</p>\r\n					<p class=\"MsoNormal\" style=\"margin-left:56.45pt;text-indent:-21.0pt;\">\r\n						<span style=\"font-family:Wingdings;\">Ø<span style=\"font-size:7pt;line-height:normal;font-family:\'Times New Roman\';\">&nbsp; </span></span><span style=\"font-family:宋体;\">有较强自学能力</span><span style=\"font-family:宋体;\">,</span><span style=\"font-family:宋体;\">喜欢学习</span><span style=\"font-family:宋体;\">,</span><span style=\"font-family:宋体;\">善于思考</span><span style=\"font-family:宋体;\">,</span><span style=\"font-family:宋体;\">态度积极端正</span><span style=\"font-family:宋体;\">,</span><span style=\"font-family:宋体;\">学习能力和动手能力强</span><span style=\"font-family:宋体;\">,</span><span style=\"font-family:宋体;\">做事有干劲</span><span style=\"font-family:宋体;\">。</span><span style=\"font-family:宋体;\"></span>\r\n					</p>\r\n					<p class=\"MsoNormal\" style=\"margin-left:56.45pt;text-indent:-21.0pt;\">\r\n						<span style=\"font-family:Wingdings;\">Ø<span style=\"font-size:7pt;line-height:normal;font-family:\'Times New Roman\';\">&nbsp; </span></span><span style=\"font-family:宋体;\">待人诚恳</span><span style=\"font-family:宋体;\">,</span><span style=\"font-family:宋体;\">心胸豁达</span><span style=\"font-family:宋体;\">,</span><span style=\"font-family:宋体;\">对生活充满梦想</span><span style=\"font-family:宋体;\">，带过新入职毕业生，相处融洽，亦师亦友</span><span style=\"font-family:宋体;\">。</span><span style=\"font-family:宋体;\"></span>\r\n					</p>\r\n					<p class=\"MsoNormal\" style=\"margin-left:56.45pt;text-indent:-21.0pt;\">\r\n						<span style=\"font-family:Wingdings;\">Ø<span style=\"font-size:7pt;line-height:normal;font-family:\'Times New Roman\';\">&nbsp; </span></span><span style=\"font-family:宋体;\">团队意识强</span><span style=\"font-family:宋体;\">,</span><span style=\"font-family:宋体;\">具有良好的组织</span><span style=\"font-family:宋体;\">,</span><span style=\"font-family:宋体;\">协调和沟通能力。</span><span style=\"font-family:宋体;\"></span>\r\n					</p>\r\n				</td>\r\n			</tr>\r\n			<tr>\r\n				<td width=\"629\" colspan=\"4\" style=\"border:solid black 1.0pt;background:#F3F3F3;\">\r\n					<p class=\"MsoNormal\">\r\n						<b><span style=\"font-size:14.0pt;font-family:宋体;\">项目经验<span></span></span></b>\r\n					</p>\r\n				</td>\r\n			</tr>\r\n			<tr>\r\n				<td width=\"73\" style=\"border:solid black 1.0pt;\">\r\n					<p class=\"MsoNormal\" align=\"center\" style=\"text-align:center;\">\r\n						<span style=\"font-size:12.0pt;font-family:宋体;\">云<span></span></span>\r\n					</p>\r\n					<p class=\"MsoNormal\" align=\"center\" style=\"text-align:center;\">\r\n						<span style=\"font-size:12.0pt;font-family:宋体;\">笔<span></span></span>\r\n					</p>\r\n					<p class=\"MsoNormal\" align=\"center\" style=\"text-align:center;\">\r\n						<span style=\"font-size:12.0pt;font-family:宋体;\">记<span></span></span>\r\n					</p>\r\n					<p class=\"MsoNormal\" align=\"center\" style=\"text-align:center;\">\r\n						<span style=\"font-size:12.0pt;font-family:宋体;\">项<span></span></span>\r\n					</p>\r\n					<p class=\"MsoNormal\" align=\"center\" style=\"text-align:center;\">\r\n						<span style=\"font-size:12.0pt;font-family:宋体;\">目<span></span></span>\r\n					</p>\r\n				</td>\r\n				<td width=\"556\" colspan=\"3\" style=\"border:solid black 1.0pt;\">\r\n					<p class=\"MsoNormal\" style=\"margin-left:21.0pt;text-indent:-21.0pt;\">\r\n						<span style=\"font-family:Wingdings;\">Ø<span style=\"font-size:7pt;line-height:normal;font-family:\'Times New Roman\';\">&nbsp; </span></span><b><span style=\"font-family:宋体;\">项目时间：</span></b><span style=\"font-family:宋体;\">2016</span><span style=\"font-family:宋体;\">年<span>2</span>月<b><span></span></b></span>\r\n					</p>\r\n					<p class=\"MsoNormal\" style=\"margin-left:21.0pt;text-indent:-21.0pt;\">\r\n						<span style=\"font-family:Wingdings;\">Ø<span style=\"font-size:7pt;line-height:normal;font-family:\'Times New Roman\';\">&nbsp; </span></span><b><span style=\"font-family:宋体;\">项目描述：</span></b><span style=\"font-family:宋体;\">该项目基于<span>B/S</span>架构，分为：登陆、注册用户、添加笔记本、添加笔记、笔记名修改、笔记内容修改、笔记与笔记本的删除、笔记分享等模块。<span></span></span>\r\n					</p>\r\n					<p class=\"MsoNormal\" style=\"margin-left:21.0pt;text-indent:-21.0pt;\">\r\n						<span style=\"font-family:Wingdings;\">Ø<span style=\"font-size:7pt;line-height:normal;font-family:\'Times New Roman\';\">&nbsp; </span></span><b><span style=\"font-family:宋体;\">责任描述：</span></b><span style=\"font-family:宋体;\">本人在该项目中主要负责笔记本的创建、添加笔记、删除笔记本与笔记和笔记本名与笔记修改模块，运用了<span>js</span>和<span>ajax</span>来处理数据更新等功能，使用了<span>MVC</span>分层思想将代码分为了控制层、业务层、视图层、实现了笔记本与笔记操作的模块。</span><b><span style=\"font-family:宋体;\"></span></b>\r\n					</p>\r\n					<p class=\"MsoNormal\" style=\"margin-left:21.0pt;text-indent:-21.0pt;\">\r\n						<span style=\"font-family:Wingdings;\">Ø<span style=\"font-size:7pt;line-height:normal;font-family:\'Times New Roman\';\">&nbsp; </span></span><b><span style=\"font-family:宋体;\">主要用到的技术</span></b><span style=\"font-family:宋体;\">springMVC,spring,mybatis</span><span style=\"font-family:宋体;\">，<span>MySQL,MyBatis,JQuery+AJAX<b></b></span></span>\r\n					</p>\r\n				</td>\r\n			</tr>\r\n			<tr>\r\n				<td width=\"73\" style=\"border:solid black 1.0pt;\">\r\n					<p class=\"MsoNormal\" align=\"center\" style=\"text-align:center;\">\r\n						<span style=\"font-size:12.0pt;font-family:宋体;\">电<span></span></span>\r\n					</p>\r\n					<p class=\"MsoNormal\" align=\"center\" style=\"text-align:center;\">\r\n						<span style=\"font-size:12.0pt;font-family:宋体;\">信<span></span></span>\r\n					</p>\r\n					<p class=\"MsoNormal\" align=\"center\" style=\"text-align:center;\">\r\n						<span style=\"font-size:12.0pt;font-family:宋体;\">计<span></span></span>\r\n					</p>\r\n					<p class=\"MsoNormal\" align=\"center\" style=\"text-align:center;\">\r\n						<span style=\"font-size:12.0pt;font-family:宋体;\">费<span></span></span>\r\n					</p>\r\n					<p class=\"MsoNormal\" align=\"center\" style=\"text-align:center;\">\r\n						<span style=\"font-size:12.0pt;font-family:宋体;\">系<span></span></span>\r\n					</p>\r\n					<p class=\"MsoNormal\" align=\"center\" style=\"text-align:center;\">\r\n						<span style=\"font-size:12.0pt;font-family:宋体;\">统<span></span></span>\r\n					</p>\r\n				</td>\r\n				<td width=\"556\" colspan=\"3\" style=\"border:solid black 1.0pt;\">\r\n					<p class=\"MsoNormal\" style=\"margin-left:21.0pt;text-indent:-21.0pt;\">\r\n						<span style=\"font-family:Wingdings;\">Ø<span style=\"font-size:7pt;line-height:normal;font-family:\'Times New Roman\';\">&nbsp; </span></span><b><span style=\"font-family:宋体;\">项目时间：</span></b><span style=\"font-family:宋体;\">2016</span><span style=\"font-family:宋体;\">年<span>1</span>月</span><b><span style=\"font-family:宋体;\"></span></b>\r\n					</p>\r\n					<p class=\"MsoNormal\" style=\"margin-left:21.0pt;text-indent:-21.0pt;\">\r\n						<span style=\"font-family:Wingdings;\">Ø<span style=\"font-size:7pt;line-height:normal;font-family:\'Times New Roman\';\">&nbsp; </span></span><b><span style=\"font-family:宋体;\">项目描述：</span></b><span style=\"font-family:宋体;\">使用<span>tomcat</span>容器，使用<span>struts2</span>进行开发，运用<span>jsp</span>和<span>OGNL</span>进行浏览器与服务器之间的传输。</span><b><span style=\"font-family:宋体;\"></span></b>\r\n					</p>\r\n					<p class=\"MsoNormal\" style=\"margin-left:21.0pt;text-indent:-21.0pt;\">\r\n						<span style=\"font-family:Wingdings;\">Ø<span style=\"font-size:7pt;line-height:normal;font-family:\'Times New Roman\';\">&nbsp; </span></span><b><span style=\"font-family:宋体;\">责任描述：</span></b><span style=\"font-family:宋体;\">负责资费管理、对资费信息进行增加、修改、删除和查询。</span><b><span style=\"font-family:宋体;\"></span></b>\r\n					</p>\r\n					<p class=\"MsoNormal\" style=\"margin-left:21.0pt;text-indent:-21.0pt;\">\r\n						<span style=\"font-family:Wingdings;\">Ø<span style=\"font-size:7pt;line-height:normal;font-family:\'Times New Roman\';\">&nbsp; </span></span><b><span style=\"font-family:宋体;\">主要用到的技术：</span></b><span style=\"font-family:宋体;\">spring,mybatis</span><span style=\"font-family:宋体;\">，<span>MySQL</span>，<span>struts2</span>，<span>hibernate</span>。<b><span></span></b></span>\r\n					</p>\r\n				</td>\r\n			</tr>\r\n			<tr>\r\n				<td width=\"73\" style=\"border:solid black 1.0pt;\">\r\n					<p class=\"MsoNormal\" align=\"center\" style=\"text-align:center;\">\r\n						<span style=\"font-size:12.0pt;font-family:宋体;\">购<span></span></span>\r\n					</p>\r\n					<p class=\"MsoNormal\" align=\"center\" style=\"text-align:center;\">\r\n						<span style=\"font-size:12.0pt;font-family:宋体;\">物<span></span></span>\r\n					</p>\r\n					<p class=\"MsoNormal\" align=\"center\" style=\"text-align:center;\">\r\n						<span style=\"font-size:12.0pt;font-family:宋体;\">网<span></span></span>\r\n					</p>\r\n					<p class=\"MsoNormal\" align=\"center\" style=\"text-align:center;\">\r\n						<span style=\"font-size:12.0pt;font-family:宋体;\">站<span></span></span>\r\n					</p>\r\n					<p class=\"MsoNormal\" align=\"center\" style=\"text-align:center;\">\r\n						<span style=\"font-size:12.0pt;font-family:宋体;\">项<span></span></span>\r\n					</p>\r\n					<p class=\"MsoNormal\" align=\"center\" style=\"text-align:center;\">\r\n						<span style=\"font-size:12.0pt;font-family:宋体;\">目<span></span></span>\r\n					</p>\r\n				</td>\r\n				<td width=\"556\" colspan=\"3\" style=\"border:solid black 1.0pt;\">\r\n					<p class=\"MsoNormal\" style=\"margin-left:21.0pt;text-indent:-21.0pt;\">\r\n						<span style=\"font-family:Wingdings;\">Ø<span style=\"font-size:7pt;line-height:normal;font-family:\'Times New Roman\';\">&nbsp; </span></span><b><span style=\"font-family:宋体;\">项目时间</span></b><span style=\"font-family:宋体;\">：<span>2009.09-2009.11</span></span>\r\n					</p>\r\n					<p class=\"MsoNormal\" style=\"margin-left:21.0pt;text-indent:-21.0pt;\">\r\n						<span style=\"font-family:Wingdings;\">Ø<span style=\"font-size:7pt;line-height:normal;font-family:\'Times New Roman\';\">&nbsp; </span></span><b><span style=\"font-family:宋体;\">项目描述</span></b><span style=\"font-family:宋体;\">：\r\n  系统分为三个部分：<span>PHP</span>端<span>SNS</span>学校运营模块、<span>JAVA</span>端学生、老师、教学模块、手机<span>APP</span>模块。完成客户管理，购物车管理，商品评价等功能。<span></span></span>\r\n					</p>\r\n					<p class=\"MsoNormal\" style=\"margin-left:21.0pt;text-indent:-21.0pt;\">\r\n						<span style=\"font-family:Wingdings;\">Ø<span style=\"font-size:7pt;line-height:normal;font-family:\'Times New Roman\';\">&nbsp; </span></span><b><span style=\"font-family:宋体;\">责任描述</span></b><span style=\"font-family:宋体;\">：本人负责<span>JAVA</span>端框架搭建，前端页面整合、综合素质评估模块代码功能实现。<b><span></span></b></span>\r\n					</p>\r\n					<p class=\"MsoNormal\" style=\"margin-left:21.0pt;text-indent:-21.0pt;\">\r\n						<span style=\"font-family:Wingdings;\">Ø<span style=\"font-size:7pt;line-height:normal;font-family:\'Times New Roman\';\">&nbsp; </span></span><b><span style=\"font-family:宋体;\">主要用到的技术</span></b><span style=\"font-family:宋体;\">：<span>springMVC,spring,mybatis</span>。<b><span></span></b></span>\r\n					</p>\r\n				</td>\r\n			</tr>\r\n		</tbody>\r\n	</table>\r\n<span><span style=\"line-height:normal;\"><br />\r\n</span></span>\r\n</p>\r\n<p>\r\n	<span><span style=\"line-height:normal;\"><br />\r\n</span></span>\r\n</p>\r\n<p>\r\n	<span><span style=\"line-height:normal;\"><img src=\"/rfid/upload/image/20160412/20160412202310_512.jpg\" alt=\"\" /><br />\r\n</span></span>\r\n</p>\r\n<p class=\"MsoNormal\">\r\n	&nbsp;\r\n</p>', '2016-04-12 20:23:24', '管理员【admin】', null, '名单，导弹，专家', '2016-04-12 20:22:00', '1', '研究员名录', '名单', '2b9081e5540a5a6401540a6a55700013');
INSERT INTO `ARCHIVEFILE` VALUES ('402881f0540917c4015409188b3c0000', '阿<span style=\"background-color:#E53333;\">萨德</span>', '2016-04-12 14:11:24', '管理员【admin】', null, '3', '2016-03-29 01:05:00', '-1', '1', '2', null);
INSERT INTO `ARCHIVEFILE` VALUES ('402881f0540917c40154091a940e0001', '1', '2016-04-12 14:13:37', '管理员【admin】', null, '1', '2016-04-20 14:45:00', '-1', '1', '1', null);
INSERT INTO `ARCHIVEFILE` VALUES ('402881f0540917c40154091cf7450002', '1', '2016-04-12 14:16:14', '管理员【admin】', null, '1', '2016-04-12 07:20:00', '-1', '1', '1', null);
INSERT INTO `ARCHIVEFILE` VALUES ('402881f0540917c4015409220d800003', '洗发水贝<span style=\"background-color:#009900;\">多芬234</span>', '2016-04-12 14:21:47', '管理员【admin】', null, '3234', '2016-04-28 09:30:00', '1', '1234', '2234', '4028811354081c7b0154082069dc0003');
INSERT INTO `ARCHIVEFILE` VALUES ('402881f0540991d2015409ad278f0002', '1', '2016-04-12 16:53:43', '管理员【admin】', null, '1', '2016-04-21 08:05:00', '-1', '1', '1', '4028811354081c7b01540820090b0002');

-- ----------------------------
-- Table structure for ARCHIVETYPE
-- ----------------------------
DROP TABLE IF EXISTS `ARCHIVETYPE`;
CREATE TABLE `ARCHIVETYPE` (
  `ID` varchar(50) NOT NULL,
  `CREATE_TIME` datetime DEFAULT NULL,
  `CREATOR` varchar(255) DEFAULT NULL,
  `NAME` varchar(255) DEFAULT NULL,
  `REMARK` varchar(255) DEFAULT NULL,
  `STATUS` int(11) DEFAULT NULL,
  PRIMARY KEY (`ID`)
) ENGINE=InnoDB DEFAULT CHARSET=utf8;

-- ----------------------------
-- Records of ARCHIVETYPE
-- ----------------------------
INSERT INTO `ARCHIVETYPE` VALUES ('2b9081e5540a5a6401540a6853ca0011', '2016-04-12 20:18:10', '管理员【admin】', '军事机密', '军事机密档案', '1');
INSERT INTO `ARCHIVETYPE` VALUES ('2b9081e5540a5a6401540a6873820012', '2016-04-12 20:18:18', '管理员【admin】', '12', '12', '-1');
INSERT INTO `ARCHIVETYPE` VALUES ('4028811354081c7b0154081f94b80000', '2016-04-12 09:39:28', '管理员【admin】', '人事档案', '', '1');
INSERT INTO `ARCHIVETYPE` VALUES ('4028811354081c7b0154081fb3900001', '2016-04-12 09:39:36', '管理员【admin】', '政企档案', '', '1');
INSERT INTO `ARCHIVETYPE` VALUES ('402881fa53e567bd0153e5934a400000', '2016-04-05 16:39:09', '管理员【admin】', '人事档案1', '人事类别档案信息1', '-1');

-- ----------------------------
-- Table structure for BORROW
-- ----------------------------
DROP TABLE IF EXISTS `BORROW`;
CREATE TABLE `BORROW` (
  `ID` varchar(50) NOT NULL,
  `APPLY_BEGIN_TIME` datetime DEFAULT NULL,
  `APPLY_END_TIME` datetime DEFAULT NULL,
  `APPLY_ID_CARD` varchar(255) DEFAULT NULL,
  `APPLY_ID_CARD_IMAGE` varchar(255) DEFAULT NULL,
  `APPLY_REASON` varchar(255) DEFAULT NULL,
  `APPLY_TIME` datetime DEFAULT NULL,
  `APPLY_USER` varchar(255) DEFAULT NULL,
  `AUDIT_REASON` varchar(255) DEFAULT NULL,
  `AUDIT_TIME` varchar(255) DEFAULT NULL,
  `AUDIT_USER` varchar(255) DEFAULT NULL,
  `BACK_REMARK` varchar(255) DEFAULT NULL,
  `BACK_TIME` datetime DEFAULT NULL,
  `BACK_USER` varchar(255) DEFAULT NULL,
  `GIVE_TO_REMARK` varchar(255) DEFAULT NULL,
  `GIVE_TOTIME` datetime DEFAULT NULL,
  `GIVE_TO_USER` varchar(255) DEFAULT NULL,
  `STATE` varchar(255) DEFAULT NULL,
  `RIGHT_ID` varchar(50) DEFAULT NULL,
  PRIMARY KEY (`ID`),
  KEY `FK_ojxpqcsvy0ieouk1q17trjism` (`RIGHT_ID`),
  CONSTRAINT `FK_ojxpqcsvy0ieouk1q17trjism` FOREIGN KEY (`RIGHT_ID`) REFERENCES `archive` (`ID`)
) ENGINE=InnoDB DEFAULT CHARSET=utf8;

-- ----------------------------
-- Records of BORROW
-- ----------------------------
INSERT INTO `BORROW` VALUES ('2b9081e5540a5a6401540a6f2db60015', '2016-04-15 07:25:00', '2016-04-28 20:25:00', '510000000000000000', null, '因查看需要.....', '2016-04-12 20:25:39', '张三', '因机密性太高，不允许外借', '2016-04-12 20:26:30', '管理员', null, null, null, null, null, null, '-2', '2b9081e5540a5a6401540a6a55700013');
INSERT INTO `BORROW` VALUES ('2b9081e5540a5a6401540a7064b20016', '2016-04-12 20:26:00', null, '510000000000000000', null, '阿斯顿', '2016-04-12 20:26:59', '李四', '111', '2016-04-12 20:27:18', '管理员', null, '2016-04-12 20:28:06', '管理员', null, '2016-04-12 20:27:49', '管理员', '3', '2b9081e5540a5a6401540a6a55700013');
INSERT INTO `BORROW` VALUES ('402881f0540954cf01540968373a0001', '2016-03-29 01:00:00', '2016-04-21 15:50:00', '3', null, '34', '2016-04-12 15:38:25', '3', 'sfs', '2016-04-12 15:59:15', '管理员', null, null, null, null, null, null, '-2', '4028811354081c7b01540820090b0002');
INSERT INTO `BORROW` VALUES ('402881f0540954cf0154097c73e80002', '2016-03-29 01:05:00', '2016-04-15 09:30:00', '2', null, 'asd asd', '2016-04-12 16:00:32', '1', 'd', '2016-04-12 16:01:08', '管理员', null, '2016-04-12 16:16:55', '管理员', null, '2016-04-12 16:12:06', '管理员', '3', '4028811354081c7b01540820090b0002');

-- ----------------------------
-- Table structure for LIVE_RECORD
-- ----------------------------
DROP TABLE IF EXISTS `LIVE_RECORD`;
CREATE TABLE `LIVE_RECORD` (
  `ID` varchar(50) NOT NULL,
  `LIVE_REASON` varchar(255) DEFAULT NULL,
  `LIVE_TIME` datetime DEFAULT NULL,
  `LIVE_TO` varchar(255) DEFAULT NULL,
  `LIVE_USER` varchar(255) DEFAULT NULL,
  `OPERATE_TIMME` datetime DEFAULT NULL,
  `OPERATE_USER` varchar(255) DEFAULT NULL,
  `REMARK` varchar(255) DEFAULT NULL,
  `ARCHIVE_ID` varchar(50) DEFAULT NULL,
  PRIMARY KEY (`ID`),
  KEY `FK_gmg74fvkw5tywtp5dimwdietg` (`ARCHIVE_ID`),
  CONSTRAINT `FK_gmg74fvkw5tywtp5dimwdietg` FOREIGN KEY (`ARCHIVE_ID`) REFERENCES `archive` (`ID`)
) ENGINE=InnoDB DEFAULT CHARSET=utf8;

-- ----------------------------
-- Records of LIVE_RECORD
-- ----------------------------
INSERT INTO `LIVE_RECORD` VALUES ('2b9081e5540a5a6401540a72186e0017', '因国家需要', '2016-04-14 08:25:00', '国家机密部', '王五', '2016-04-12 20:28:50', '管理员', null, '2b9081e5540a5a6401540a6a55700013');

-- ----------------------------
-- Table structure for SYS_ACCOUNT
-- ----------------------------
DROP TABLE IF EXISTS `SYS_ACCOUNT`;
CREATE TABLE `SYS_ACCOUNT` (
  `ID` varchar(50) NOT NULL,
  `ACCOUNT` varchar(120) NOT NULL,
  `CREATETIME` datetime DEFAULT NULL,
  `CREATOR` varchar(120) DEFAULT NULL,
  `ENABLE` bit(1) DEFAULT NULL,
  `NICK_NAME` varchar(120) DEFAULT NULL,
  `PASSWORD` varchar(60) DEFAULT NULL,
  `PHTOTO` longtext,
  `REMARK` varchar(255) DEFAULT NULL,
  `SEX` varchar(20) DEFAULT NULL,
  `STATUS` int(11) DEFAULT NULL,
  `TYEPE_ID` varchar(50) DEFAULT NULL,
  `TYPE` varchar(20) DEFAULT NULL,
  PRIMARY KEY (`ID`),
  UNIQUE KEY `UK_2ohbqfoudqodbchyuvvs6i6hx` (`ACCOUNT`)
) ENGINE=InnoDB DEFAULT CHARSET=utf8;

-- ----------------------------
-- Records of SYS_ACCOUNT
-- ----------------------------
INSERT INTO `SYS_ACCOUNT` VALUES ('18863774-60df-11e5-8a98-742f68372bed', 'admin', '2016-03-13 00:00:22', '管理员', '', '管理员', '21232f297a57a5a743894a0e4a801fc3', null, '系统管理员,勿删', null, '1', null, null);
INSERT INTO `SYS_ACCOUNT` VALUES ('2b9081e5540a5a6401540a63784d0002', 'user01', '2016-04-12 20:12:52', '管理员【admin】', '', '奥巴马01', 'e10adc3949ba59abbe56e057f20f883e', 'upload\\images\\20160412\\91750bc4-a849-46d6-bd4e-3a6ced5635cf.jpg', '', '2', '1', null, null);

-- ----------------------------
-- Table structure for SYS_ACCOUNT_RIGHT
-- ----------------------------
DROP TABLE IF EXISTS `SYS_ACCOUNT_RIGHT`;
CREATE TABLE `SYS_ACCOUNT_RIGHT` (
  `ID` varchar(50) NOT NULL,
  `ACCOUNT_ID` varchar(50) DEFAULT NULL,
  `RIGHT_ID` varchar(50) DEFAULT NULL,
  PRIMARY KEY (`ID`),
  KEY `FK_mvpvjse8md72g2bng92w8s5nb` (`ACCOUNT_ID`),
  KEY `FK_708erv4b9byda9l9cnxdyw7j4` (`RIGHT_ID`),
  CONSTRAINT `FK_708erv4b9byda9l9cnxdyw7j4` FOREIGN KEY (`RIGHT_ID`) REFERENCES `sys_right` (`ID`),
  CONSTRAINT `FK_mvpvjse8md72g2bng92w8s5nb` FOREIGN KEY (`ACCOUNT_ID`) REFERENCES `sys_account` (`ID`)
) ENGINE=InnoDB DEFAULT CHARSET=utf8;

-- ----------------------------
-- Records of SYS_ACCOUNT_RIGHT
-- ----------------------------

-- ----------------------------
-- Table structure for SYS_ACCOUNT_ROLE
-- ----------------------------
DROP TABLE IF EXISTS `SYS_ACCOUNT_ROLE`;
CREATE TABLE `SYS_ACCOUNT_ROLE` (
  `ID` varchar(50) NOT NULL,
  `ACCOUNT_ID` varchar(50) DEFAULT NULL,
  `ROLE_ID` varchar(50) DEFAULT NULL,
  PRIMARY KEY (`ID`),
  KEY `FK_fnmfk81ktlhqvg1p8b6nx2d4k` (`ACCOUNT_ID`),
  KEY `FK_9gs6k5fv01iwr0nyp06w4lcou` (`ROLE_ID`),
  CONSTRAINT `FK_9gs6k5fv01iwr0nyp06w4lcou` FOREIGN KEY (`ROLE_ID`) REFERENCES `sys_role` (`ID`),
  CONSTRAINT `FK_fnmfk81ktlhqvg1p8b6nx2d4k` FOREIGN KEY (`ACCOUNT_ID`) REFERENCES `sys_account` (`ID`)
) ENGINE=InnoDB DEFAULT CHARSET=utf8;

-- ----------------------------
-- Records of SYS_ACCOUNT_ROLE
-- ----------------------------
INSERT INTO `SYS_ACCOUNT_ROLE` VALUES ('2b9081e5540a5a6401540a66332f000a', '2b9081e5540a5a6401540a63784d0002', '2b9081e5540a5a6401540a63fa000004');
INSERT INTO `SYS_ACCOUNT_ROLE` VALUES ('86bc8fbe-e86b-11e5-b9fb-00e0667c4153', '18863774-60df-11e5-8a98-742f68372bed', '0760c4a9-60df-11e5-8a98-742f68372bed');

-- ----------------------------
-- Table structure for SYS_DICTIONARY
-- ----------------------------
DROP TABLE IF EXISTS `SYS_DICTIONARY`;
CREATE TABLE `SYS_DICTIONARY` (
  `ID` varchar(50) NOT NULL,
  `DICT_NAME` varchar(120) NOT NULL,
  `DICT_TYPE` varchar(120) NOT NULL,
  `DICT_VALUE` varchar(120) NOT NULL,
  `EXT01` varchar(255) DEFAULT NULL,
  `EXT02` varchar(255) DEFAULT NULL,
  `EXT03` varchar(255) DEFAULT NULL,
  `EXT04` varchar(255) DEFAULT NULL,
  `EXT05` varchar(255) DEFAULT NULL,
  `REMARK` varchar(255) DEFAULT NULL,
  PRIMARY KEY (`ID`)
) ENGINE=InnoDB DEFAULT CHARSET=utf8;

-- ----------------------------
-- Records of SYS_DICTIONARY
-- ----------------------------
INSERT INTO `SYS_DICTIONARY` VALUES ('9847d4d5-d3e1-11e5-9a09-00e0667c4153', '男', 'PERSION_SEX', '1', null, null, null, null, null, null);
INSERT INTO `SYS_DICTIONARY` VALUES ('98550335-d3e1-11e5-9a09-00e0667c4153', '女', 'PERSION_SEX', '2', null, null, null, null, null, null);
INSERT INTO `SYS_DICTIONARY` VALUES ('986cea06-d3e1-11e5-9a09-00e0667c4153', '保密', 'PERSION_SEX', '3', null, null, null, null, null, null);

-- ----------------------------
-- Table structure for SYS_DICTIONARY_ITEM
-- ----------------------------
DROP TABLE IF EXISTS `SYS_DICTIONARY_ITEM`;
CREATE TABLE `SYS_DICTIONARY_ITEM` (
  `ID` varchar(50) NOT NULL,
  `DICT_NAME` varchar(120) NOT NULL,
  `DICT_TYPE` varchar(120) NOT NULL,
  `ISEDIT` bit(1) DEFAULT NULL,
  PRIMARY KEY (`ID`),
  UNIQUE KEY `UK_1dfswy8xlvr0ub4oemm4mqg6n` (`DICT_TYPE`)
) ENGINE=InnoDB DEFAULT CHARSET=utf8;

-- ----------------------------
-- Records of SYS_DICTIONARY_ITEM
-- ----------------------------
INSERT INTO `SYS_DICTIONARY_ITEM` VALUES ('97e4e9d3-d3e1-11e5-9a09-00e0667c4153', '性别', 'PERSION_SEX', '\0');

-- ----------------------------
-- Table structure for SYS_RIGHT
-- ----------------------------
DROP TABLE IF EXISTS `SYS_RIGHT`;
CREATE TABLE `SYS_RIGHT` (
  `ID` varchar(50) NOT NULL,
  `CODE` varchar(120) NOT NULL,
  `CREATETIME` datetime DEFAULT NULL,
  `CREATOR` varchar(120) DEFAULT NULL,
  `DESCRIBLE` varchar(255) DEFAULT NULL,
  `ICON` varchar(120) DEFAULT NULL,
  `ICONCLS` varchar(120) DEFAULT NULL,
  `IMG_URL` varchar(120) DEFAULT NULL,
  `NAME` varchar(120) DEFAULT NULL,
  `PARENT_ID` varchar(50) DEFAULT NULL,
  `SORT_BY` int(11) DEFAULT NULL,
  `STATUS` int(11) DEFAULT NULL,
  `TYPE` int(11) DEFAULT NULL,
  `URL` varchar(120) DEFAULT NULL,
  PRIMARY KEY (`ID`),
  UNIQUE KEY `UK_3fly3uan6grx7g9xvy6st29fl` (`CODE`)
) ENGINE=InnoDB DEFAULT CHARSET=utf8;

-- ----------------------------
-- Records of SYS_RIGHT
-- ----------------------------
INSERT INTO `SYS_RIGHT` VALUES ('0c2339fe-e78d-11e5-b46c-00e0667c4153', '#SYSTEM_ROLE_INDEX', '2016-03-11 21:27:49', '管理员', '角色管理--2级菜单权限', null, 'icon-menu', '/page/js/jquery-easyui-1.4.3/themes/icons/menu.png', '角色管理', '88c16fc2-d3e1-11e5-9a09-00e0667c4153', '21', '1', '2', 'system/role/index');
INSERT INTO `SYS_RIGHT` VALUES ('0c371896-e78d-11e5-b46c-00e0667c4153', '#SYSTEM_ROLE_ADD', '2016-03-11 21:27:49', '管理员', '新增角色--3级按钮权限', null, 'icon-add', null, '新增角色', '0c2339fe-e78d-11e5-b46c-00e0667c4153', '211', '-1', '3', 'system/role/add');
INSERT INTO `SYS_RIGHT` VALUES ('0c4d9236-e78d-11e5-b46c-00e0667c4153', '#SYSTEM_ROLE_EDIT', '2016-03-11 21:27:49', '管理员', '编辑角色--3级按钮权限', null, 'icon-edit', null, '编辑角色', '0c2339fe-e78d-11e5-b46c-00e0667c4153', '212', '-1', '3', 'system/role/edit');
INSERT INTO `SYS_RIGHT` VALUES ('0c6032e5-e78d-11e5-b46c-00e0667c4153', '#SYSTEM_ROLE_DELETE', '2016-03-11 21:27:49', '管理员', '删除角色--3级按钮权限', null, 'icon-remove', null, '删除角色', '0c2339fe-e78d-11e5-b46c-00e0667c4153', '213', '-1', '3', 'system/role/deleteRole');
INSERT INTO `SYS_RIGHT` VALUES ('7a90a998-fb0a-11e5-ab76-742f68372bed', '#RFID_ARCHIVE_INDEX', '2016-04-05 16:43:33', '管理员', '档案管理--2级菜单权限', null, 'icon-menu', '/page/js/jquery-easyui-1.4.3/themes/icons/menu.png', '档案管理', 'cb731425-fb08-11e5-ab76-742f68372bed', '22', '1', '2', 'rfid/archive/index');
INSERT INTO `SYS_RIGHT` VALUES ('7a9e92db-fb0a-11e5-ab76-742f68372bed', '#RFID_ARCHIVE_ADD', '2016-04-05 16:43:33', '管理员', '新增档案--3级按钮权限', null, 'icon-add', null, '新增档案', '7a90a998-fb0a-11e5-ab76-742f68372bed', '211', '-1', '3', 'rfid/archive/add');
INSERT INTO `SYS_RIGHT` VALUES ('7aa7b5da-fb0a-11e5-ab76-742f68372bed', '#RFID_ARCHIVE_EDIT', '2016-04-05 16:43:33', '管理员', '编辑档案--3级按钮权限', null, 'icon-edit', null, '编辑档案', '7a90a998-fb0a-11e5-ab76-742f68372bed', '212', '-1', '3', 'rfid/archive/edit');
INSERT INTO `SYS_RIGHT` VALUES ('7ab1a210-fb0a-11e5-ab76-742f68372bed', '#RFID_ARCHIVE_DELETE', '2016-04-05 16:43:33', '管理员', '删除档案--3级按钮权限', null, 'icon-remove', null, '删除档案', '7a90a998-fb0a-11e5-ab76-742f68372bed', '213', '-1', '3', 'rfid/archive/deleteArchive');
INSERT INTO `SYS_RIGHT` VALUES ('7e01808c-0087-11e6-aced-742f68372bed', '#RFID_3', '2016-04-12 16:21:02', '管理员', '调档管理--1级分类权限', 'fa-industry', 'icon-system', null, '调档管理', null, '4', '1', '1', '#');
INSERT INTO `SYS_RIGHT` VALUES ('7e15eec2-0087-11e6-aced-742f68372bed', '#RFID_LIVERECORD_INDEX', '2016-04-12 16:21:02', '管理员', '调档记录管理--2级菜单权限', null, 'icon-menu', '/page/js/jquery-easyui-1.4.3/themes/icons/menu.png', '调档记录', '7e01808c-0087-11e6-aced-742f68372bed', '24', '1', '2', 'rfid/liverecord/index');
INSERT INTO `SYS_RIGHT` VALUES ('7e1ff63c-0087-11e6-aced-742f68372bed', '#RFID_LIVERECORD_ADD', '2016-04-12 16:21:02', '管理员', '新增调档记录--3级按钮权限', null, 'icon-add', null, '新增调档记录', '7e15eec2-0087-11e6-aced-742f68372bed', '211', '-1', '3', 'rfid/liverecord/add');
INSERT INTO `SYS_RIGHT` VALUES ('7e27366b-0087-11e6-aced-742f68372bed', '#RFID_LIVERECORD_EDIT', '2016-04-12 16:21:02', '管理员', '编辑调档记录--3级按钮权限', null, 'icon-edit', null, '编辑调档记录', '7e15eec2-0087-11e6-aced-742f68372bed', '212', '-1', '3', 'rfid/liverecord/edit');
INSERT INTO `SYS_RIGHT` VALUES ('7e2dc63a-0087-11e6-aced-742f68372bed', '#RFID_LIVERECORD_DELETE', '2016-04-12 16:21:02', '管理员', '删除调档记录--3级按钮权限', null, 'icon-remove', null, '删除调档记录', '7e15eec2-0087-11e6-aced-742f68372bed', '213', '-1', '3', 'rfid/liverecord/deleteLiveRecord');
INSERT INTO `SYS_RIGHT` VALUES ('88c16fc2-d3e1-11e5-9a09-00e0667c4153', '#SYSTEM', '2016-02-15 20:42:12', '管理员', '系统管理--1级分类权限', 'fa fa-cogs', 'icon-system', null, '系统管理', null, '1', '1', '1', '#');
INSERT INTO `SYS_RIGHT` VALUES ('8913013f-d3e1-11e5-9a09-00e0667c4153', '#SYSTEM_ACCOUNT_INDEX', '2016-02-15 20:42:12', '管理员', '账号管理--2级菜单权限', null, 'icon-menu', '/page/js/jquery-easyui-1.4.3/themes/icons/menu.png', '账号管理', '88c16fc2-d3e1-11e5-9a09-00e0667c4153', '11', '1', '2', 'system/account/index.mvc');
INSERT INTO `SYS_RIGHT` VALUES ('89329c24-d3e1-11e5-9a09-00e0667c4153', '#SYSTEM_ACCOUNT_ADD', '2016-02-15 20:42:12', '管理员', '新增账号--3级按钮权限', null, 'icon-add', null, '新增账号', '8913013f-d3e1-11e5-9a09-00e0667c4153', '111', '-1', '3', 'system/account/add.mvc');
INSERT INTO `SYS_RIGHT` VALUES ('894187b7-d3e1-11e5-9a09-00e0667c4153', '#SYSTEM_ACCOUNT_EDIT', '2016-02-15 20:42:13', '管理员', '编辑账号--3级按钮权限', null, 'icon-edit', null, '编辑账号', '8913013f-d3e1-11e5-9a09-00e0667c4153', '112', '-1', '3', 'system/account/edit.mvc');
INSERT INTO `SYS_RIGHT` VALUES ('8950cd83-d3e1-11e5-9a09-00e0667c4153', '#SYSTEM_ACCOUNT_DELETE', '2016-02-15 20:42:13', '管理员', '删除账号--3级按钮权限', null, 'icon-remove', null, '删除账号', '8913013f-d3e1-11e5-9a09-00e0667c4153', '113', '-1', '3', 'system/account/deleteAccount.mvc');
INSERT INTO `SYS_RIGHT` VALUES ('91470f08-007b-11e6-aced-742f68372bed', '#RFID_2', '2016-04-12 14:55:40', '管理员', '档案外借--1级分类权限', 'fa-book', 'icon-system', null, '档案外借', null, '3', '1', '1', '#');
INSERT INTO `SYS_RIGHT` VALUES ('914e8bc0-007b-11e6-aced-742f68372bed', '#RFID_BORROW_INDEX', '2016-04-12 14:55:40', '管理员', '申请外借管理--2级菜单权限', null, 'icon-menu', '/page/js/jquery-easyui-1.4.3/themes/icons/menu.png', '申请外借', '91470f08-007b-11e6-aced-742f68372bed', '21', '1', '2', 'rfid/borrow/apply/index');
INSERT INTO `SYS_RIGHT` VALUES ('915586f6-007b-11e6-aced-742f68372bed', '#RFID_BORROW_INDEX_2', '2016-04-12 14:55:40', '管理员', '申请外借管理--2级菜单权限', null, 'icon-menu', '/page/js/jquery-easyui-1.4.3/themes/icons/menu.png', '档案外借', '91470f08-007b-11e6-aced-742f68372bed', '23', '1', '2', 'rfid/borrow/give/index');
INSERT INTO `SYS_RIGHT` VALUES ('a6b69fa8-007b-11e6-aced-742f68372bed', '#RFID_BORROW_INDEX_3', '2016-04-12 14:56:16', '管理员', '申请外借管理--2级菜单权限', null, 'icon-menu', '/page/js/jquery-easyui-1.4.3/themes/icons/menu.png', '档案归还', '91470f08-007b-11e6-aced-742f68372bed', '24', '1', '2', 'rfid/borrow/back/index');
INSERT INTO `SYS_RIGHT` VALUES ('ad1b54ec-007d-11e6-aced-742f68372bed', '#RFID_BORROW_INDEX_4', '2016-04-12 14:55:40', '管理员', '申请外借管理--2级菜单权限', null, 'icon-menu', '/page/js/jquery-easyui-1.4.3/themes/icons/menu.png', '外借审核', '91470f08-007b-11e6-aced-742f68372bed', '22', '1', '2', 'rfid/borrow/audit/index');
INSERT INTO `SYS_RIGHT` VALUES ('c3b4d6a4-004f-11e6-aced-742f68372bed', '#RFID_ARCHIVEFILE_INDEX', '2016-04-12 09:42:06', '管理员', '文档管理--2级菜单权限', null, 'icon-menu', '/page/js/jquery-easyui-1.4.3/themes/icons/menu.png', '文档管理', 'cb731425-fb08-11e5-ab76-742f68372bed', '23', '1', '2', 'rfid/archivefile/index');
INSERT INTO `SYS_RIGHT` VALUES ('c3c5ff6f-004f-11e6-aced-742f68372bed', '#RFID_ARCHIVEFILE_ADD', '2016-04-12 09:42:06', '管理员', '新增文档--3级按钮权限', null, 'icon-add', null, '新增文档', 'c3b4d6a4-004f-11e6-aced-742f68372bed', '211', '-1', '3', 'rfid/archivefile/add');
INSERT INTO `SYS_RIGHT` VALUES ('c3ccb040-004f-11e6-aced-742f68372bed', '#RFID_ARCHIVEFILE_EDIT', '2016-04-12 09:42:06', '管理员', '编辑文档--3级按钮权限', null, 'icon-edit', null, '编辑文档', 'c3b4d6a4-004f-11e6-aced-742f68372bed', '212', '-1', '3', 'rfid/archivefile/edit');
INSERT INTO `SYS_RIGHT` VALUES ('c3d8cf65-004f-11e6-aced-742f68372bed', '#RFID_ARCHIVEFILE_DELETE', '2016-04-12 09:42:07', '管理员', '删除文档--3级按钮权限', null, 'icon-remove', null, '删除文档', 'c3b4d6a4-004f-11e6-aced-742f68372bed', '213', '-1', '3', 'rfid/archivefile/deleteArchiveFile');
INSERT INTO `SYS_RIGHT` VALUES ('cb731425-fb08-11e5-ab76-742f68372bed', '#RFID', '2016-04-05 16:31:30', '管理员', '档案管理--1级分类权限', 'fa-file-text', 'icon-system', null, '档案管理', null, '2', '1', '1', '#');
INSERT INTO `SYS_RIGHT` VALUES ('cb84b638-fb08-11e5-ab76-742f68372bed', '#RFID_ARCHIVETYPE_INDEX', '2016-04-05 16:31:30', '管理员', '类型管理--2级菜单权限', null, 'icon-menu', '/page/js/jquery-easyui-1.4.3/themes/icons/menu.png', '类型管理', 'cb731425-fb08-11e5-ab76-742f68372bed', '21', '1', '2', 'rfid/archivetype/index');
INSERT INTO `SYS_RIGHT` VALUES ('cb8dab56-fb08-11e5-ab76-742f68372bed', '#RFID_ARCHIVETYPE_ADD', '2016-04-05 16:31:30', '管理员', '新增类型--3级按钮权限', null, 'icon-add', null, '新增类型', 'cb84b638-fb08-11e5-ab76-742f68372bed', '211', '-1', '3', 'rfid/archivetype/add');
INSERT INTO `SYS_RIGHT` VALUES ('cb94cca0-fb08-11e5-ab76-742f68372bed', '#RFID_ARCHIVETYPE_EDIT', '2016-04-05 16:31:30', '管理员', '编辑类型--3级按钮权限', null, 'icon-edit', null, '编辑类型', 'cb84b638-fb08-11e5-ab76-742f68372bed', '212', '-1', '3', 'rfid/archivetype/edit');
INSERT INTO `SYS_RIGHT` VALUES ('cb9f16d6-fb08-11e5-ab76-742f68372bed', '#RFID_ARCHIVETYPE_DELETE', '2016-04-05 16:31:30', '管理员', '删除类型--3级按钮权限', null, 'icon-remove', null, '删除类型', 'cb84b638-fb08-11e5-ab76-742f68372bed', '213', '-1', '3', 'rfid/archivetype/deleteArchiveType');

-- ----------------------------
-- Table structure for SYS_ROLE
-- ----------------------------
DROP TABLE IF EXISTS `SYS_ROLE`;
CREATE TABLE `SYS_ROLE` (
  `ID` varchar(50) NOT NULL,
  `CREATETIME` datetime DEFAULT NULL,
  `CREATOR` varchar(120) DEFAULT NULL,
  `DESCRIBLE` varchar(255) DEFAULT NULL,
  `ENABLE` bit(1) DEFAULT NULL,
  `NAME` varchar(120) DEFAULT NULL,
  `STATUS` int(11) DEFAULT NULL,
  PRIMARY KEY (`ID`)
) ENGINE=InnoDB DEFAULT CHARSET=utf8;

-- ----------------------------
-- Records of SYS_ROLE
-- ----------------------------
INSERT INTO `SYS_ROLE` VALUES ('0760c4a9-60df-11e5-8a98-742f68372bed', '2016-03-13 00:00:22', '管理员', '系统超级管理员，请勿删除', '', '系统超级管理员', '1');
INSERT INTO `SYS_ROLE` VALUES ('2b9081e5540a5a6401540a63fa000004', '2016-04-12 20:13:25', '管理员【admin】', '负责录入档案', '', '录档员', '1');
INSERT INTO `SYS_ROLE` VALUES ('2b9081e5540a5a6401540a64153b0005', '2016-04-12 20:13:32', '管理员【admin】', '12', '', '12', '-1');

-- ----------------------------
-- Table structure for SYS_ROLE_RIGHT
-- ----------------------------
DROP TABLE IF EXISTS `SYS_ROLE_RIGHT`;
CREATE TABLE `SYS_ROLE_RIGHT` (
  `ID` varchar(50) NOT NULL,
  `RIGHT_ID` varchar(50) DEFAULT NULL,
  `ROLE_ID` varchar(50) DEFAULT NULL,
  PRIMARY KEY (`ID`),
  KEY `FK_s1f73s3b49p1mr3f12winuw8v` (`RIGHT_ID`),
  KEY `FK_h5tfegtn5va1dosmdufd1486d` (`ROLE_ID`),
  CONSTRAINT `FK_h5tfegtn5va1dosmdufd1486d` FOREIGN KEY (`ROLE_ID`) REFERENCES `sys_role` (`ID`),
  CONSTRAINT `FK_s1f73s3b49p1mr3f12winuw8v` FOREIGN KEY (`RIGHT_ID`) REFERENCES `sys_right` (`ID`)
) ENGINE=InnoDB DEFAULT CHARSET=utf8;

-- ----------------------------
-- Records of SYS_ROLE_RIGHT
-- ----------------------------
INSERT INTO `SYS_ROLE_RIGHT` VALUES ('2b9081e5540a5a6401540a674248000b', '7a90a998-fb0a-11e5-ab76-742f68372bed', '2b9081e5540a5a6401540a63fa000004');
INSERT INTO `SYS_ROLE_RIGHT` VALUES ('2b9081e5540a5a6401540a674249000c', '7e01808c-0087-11e6-aced-742f68372bed', '2b9081e5540a5a6401540a63fa000004');
INSERT INTO `SYS_ROLE_RIGHT` VALUES ('2b9081e5540a5a6401540a674249000d', '7e15eec2-0087-11e6-aced-742f68372bed', '2b9081e5540a5a6401540a63fa000004');
INSERT INTO `SYS_ROLE_RIGHT` VALUES ('2b9081e5540a5a6401540a674249000e', 'c3b4d6a4-004f-11e6-aced-742f68372bed', '2b9081e5540a5a6401540a63fa000004');
INSERT INTO `SYS_ROLE_RIGHT` VALUES ('2b9081e5540a5a6401540a674249000f', 'cb731425-fb08-11e5-ab76-742f68372bed', '2b9081e5540a5a6401540a63fa000004');
INSERT INTO `SYS_ROLE_RIGHT` VALUES ('2b9081e5540a5a6401540a6742490010', 'cb84b638-fb08-11e5-ab76-742f68372bed', '2b9081e5540a5a6401540a63fa000004');
INSERT INTO `SYS_ROLE_RIGHT` VALUES ('80f67f82-0087-11e6-aced-742f68372bed', 'cb731425-fb08-11e5-ab76-742f68372bed', '0760c4a9-60df-11e5-8a98-742f68372bed');
INSERT INTO `SYS_ROLE_RIGHT` VALUES ('811cea7f-0087-11e6-aced-742f68372bed', '91470f08-007b-11e6-aced-742f68372bed', '0760c4a9-60df-11e5-8a98-742f68372bed');
INSERT INTO `SYS_ROLE_RIGHT` VALUES ('811d06e4-0087-11e6-aced-742f68372bed', '7e01808c-0087-11e6-aced-742f68372bed', '0760c4a9-60df-11e5-8a98-742f68372bed');
INSERT INTO `SYS_ROLE_RIGHT` VALUES ('811d09ed-0087-11e6-aced-742f68372bed', 'c3c5ff6f-004f-11e6-aced-742f68372bed', '0760c4a9-60df-11e5-8a98-742f68372bed');
INSERT INTO `SYS_ROLE_RIGHT` VALUES ('811d0cbb-0087-11e6-aced-742f68372bed', 'c3d8cf65-004f-11e6-aced-742f68372bed', '0760c4a9-60df-11e5-8a98-742f68372bed');
INSERT INTO `SYS_ROLE_RIGHT` VALUES ('811d0fa0-0087-11e6-aced-742f68372bed', 'c3ccb040-004f-11e6-aced-742f68372bed', '0760c4a9-60df-11e5-8a98-742f68372bed');
INSERT INTO `SYS_ROLE_RIGHT` VALUES ('811d1241-0087-11e6-aced-742f68372bed', 'c3b4d6a4-004f-11e6-aced-742f68372bed', '0760c4a9-60df-11e5-8a98-742f68372bed');
INSERT INTO `SYS_ROLE_RIGHT` VALUES ('811d1526-0087-11e6-aced-742f68372bed', 'cb8dab56-fb08-11e5-ab76-742f68372bed', '0760c4a9-60df-11e5-8a98-742f68372bed');
INSERT INTO `SYS_ROLE_RIGHT` VALUES ('811d17d5-0087-11e6-aced-742f68372bed', 'cb9f16d6-fb08-11e5-ab76-742f68372bed', '0760c4a9-60df-11e5-8a98-742f68372bed');
INSERT INTO `SYS_ROLE_RIGHT` VALUES ('811d1a92-0087-11e6-aced-742f68372bed', 'cb94cca0-fb08-11e5-ab76-742f68372bed', '0760c4a9-60df-11e5-8a98-742f68372bed');
INSERT INTO `SYS_ROLE_RIGHT` VALUES ('811d1d22-0087-11e6-aced-742f68372bed', 'cb84b638-fb08-11e5-ab76-742f68372bed', '0760c4a9-60df-11e5-8a98-742f68372bed');
INSERT INTO `SYS_ROLE_RIGHT` VALUES ('811d1fc8-0087-11e6-aced-742f68372bed', '7a9e92db-fb0a-11e5-ab76-742f68372bed', '0760c4a9-60df-11e5-8a98-742f68372bed');
INSERT INTO `SYS_ROLE_RIGHT` VALUES ('811d23b0-0087-11e6-aced-742f68372bed', '7ab1a210-fb0a-11e5-ab76-742f68372bed', '0760c4a9-60df-11e5-8a98-742f68372bed');
INSERT INTO `SYS_ROLE_RIGHT` VALUES ('811d2735-0087-11e6-aced-742f68372bed', '7aa7b5da-fb0a-11e5-ab76-742f68372bed', '0760c4a9-60df-11e5-8a98-742f68372bed');
INSERT INTO `SYS_ROLE_RIGHT` VALUES ('811d29c9-0087-11e6-aced-742f68372bed', '7a90a998-fb0a-11e5-ab76-742f68372bed', '0760c4a9-60df-11e5-8a98-742f68372bed');
INSERT INTO `SYS_ROLE_RIGHT` VALUES ('811d2c86-0087-11e6-aced-742f68372bed', '914e8bc0-007b-11e6-aced-742f68372bed', '0760c4a9-60df-11e5-8a98-742f68372bed');
INSERT INTO `SYS_ROLE_RIGHT` VALUES ('811d2f78-0087-11e6-aced-742f68372bed', '915586f6-007b-11e6-aced-742f68372bed', '0760c4a9-60df-11e5-8a98-742f68372bed');
INSERT INTO `SYS_ROLE_RIGHT` VALUES ('811d3211-0087-11e6-aced-742f68372bed', 'a6b69fa8-007b-11e6-aced-742f68372bed', '0760c4a9-60df-11e5-8a98-742f68372bed');
INSERT INTO `SYS_ROLE_RIGHT` VALUES ('811d34df-0087-11e6-aced-742f68372bed', 'ad1b54ec-007d-11e6-aced-742f68372bed', '0760c4a9-60df-11e5-8a98-742f68372bed');
INSERT INTO `SYS_ROLE_RIGHT` VALUES ('811d3759-0087-11e6-aced-742f68372bed', '7e1ff63c-0087-11e6-aced-742f68372bed', '0760c4a9-60df-11e5-8a98-742f68372bed');
INSERT INTO `SYS_ROLE_RIGHT` VALUES ('811d3a4b-0087-11e6-aced-742f68372bed', '7e2dc63a-0087-11e6-aced-742f68372bed', '0760c4a9-60df-11e5-8a98-742f68372bed');
INSERT INTO `SYS_ROLE_RIGHT` VALUES ('811d3cff-0087-11e6-aced-742f68372bed', '7e27366b-0087-11e6-aced-742f68372bed', '0760c4a9-60df-11e5-8a98-742f68372bed');
INSERT INTO `SYS_ROLE_RIGHT` VALUES ('811d3ff1-0087-11e6-aced-742f68372bed', '7e15eec2-0087-11e6-aced-742f68372bed', '0760c4a9-60df-11e5-8a98-742f68372bed');
INSERT INTO `SYS_ROLE_RIGHT` VALUES ('811d428a-0087-11e6-aced-742f68372bed', '88c16fc2-d3e1-11e5-9a09-00e0667c4153', '0760c4a9-60df-11e5-8a98-742f68372bed');
INSERT INTO `SYS_ROLE_RIGHT` VALUES ('811d4527-0087-11e6-aced-742f68372bed', '89329c24-d3e1-11e5-9a09-00e0667c4153', '0760c4a9-60df-11e5-8a98-742f68372bed');
INSERT INTO `SYS_ROLE_RIGHT` VALUES ('811d4ba7-0087-11e6-aced-742f68372bed', '8950cd83-d3e1-11e5-9a09-00e0667c4153', '0760c4a9-60df-11e5-8a98-742f68372bed');
INSERT INTO `SYS_ROLE_RIGHT` VALUES ('811d4e6d-0087-11e6-aced-742f68372bed', '894187b7-d3e1-11e5-9a09-00e0667c4153', '0760c4a9-60df-11e5-8a98-742f68372bed');
INSERT INTO `SYS_ROLE_RIGHT` VALUES ('811d50fd-0087-11e6-aced-742f68372bed', '8913013f-d3e1-11e5-9a09-00e0667c4153', '0760c4a9-60df-11e5-8a98-742f68372bed');
INSERT INTO `SYS_ROLE_RIGHT` VALUES ('811d537b-0087-11e6-aced-742f68372bed', '0c371896-e78d-11e5-b46c-00e0667c4153', '0760c4a9-60df-11e5-8a98-742f68372bed');
INSERT INTO `SYS_ROLE_RIGHT` VALUES ('811d5618-0087-11e6-aced-742f68372bed', '0c6032e5-e78d-11e5-b46c-00e0667c4153', '0760c4a9-60df-11e5-8a98-742f68372bed');
INSERT INTO `SYS_ROLE_RIGHT` VALUES ('811d58d0-0087-11e6-aced-742f68372bed', '0c4d9236-e78d-11e5-b46c-00e0667c4153', '0760c4a9-60df-11e5-8a98-742f68372bed');
INSERT INTO `SYS_ROLE_RIGHT` VALUES ('811d5ae8-0087-11e6-aced-742f68372bed', '0c2339fe-e78d-11e5-b46c-00e0667c4153', '0760c4a9-60df-11e5-8a98-742f68372bed');
